entity_code,external_id,title,description,severity,category,source_system,asset_code,detected_at,acknowledged_at,closed_at,status
BANK-X,BANK-X-ALT-00001,Policy Violation activity detected,Automated POLICY_VIOLATION alert on asset BANK-X-AST-0004,INFO,POLICY_VIOLATION,WAF,BANK-X-AST-0004,2026-08-08 07:54:37,2026-08-08 07:57:37,2026-08-09 00:41:37,CLOSED
BANK-X,BANK-X-ALT-00002,Unauthorized Access activity detected,Automated UNAUTHORIZED_ACCESS alert on asset BANK-X-AST-0038,INFO,UNAUTHORIZED_ACCESS,WAF,BANK-X-AST-0038,2026-09-13 19:36:35,2026-09-13 20:02:35,2026-09-14 17:02:35,CLOSED
BANK-X,BANK-X-ALT-00003,Data Exfiltration activity detected,Automated DATA_EXFILTRATION alert on asset BANK-X-AST-0034,LOW,DATA_EXFILTRATION,SIEM,BANK-X-AST-0034,2026-08-18 22:00:57,2026-08-18 22:29:57,2026-08-19 17:28:57,CLOSED
BANK-X,BANK-X-ALT-00004,Config Change activity detected,Automated CONFIG_CHANGE alert on asset BANK-X-AST-0001,MEDIUM,CONFIG_CHANGE,NDR,BANK-X-AST-0001,2026-08-09 23:22:36,2026-08-09 23:44:36,2026-08-10 04:48:36,CLOSED
BANK-X,BANK-X-ALT-00005,Phishing activity detected,Automated PHISHING alert on asset BANK-X-AST-0001,LOW,PHISHING,EDR,BANK-X-AST-0001,2026-08-26 23:09:02,2026-08-26 23:26:02,2026-08-27 00:38:02,CLOSED
BANK-X,BANK-X-ALT-00006,Insider Threat activity detected,Automated INSIDER_THREAT alert on asset BANK-X-AST-0001,MEDIUM,INSIDER_THREAT,EDR,BANK-X-AST-0001,2026-08-13 17:41:10,2026-08-13 18:11:10,2026-08-13 21:25:10,CLOSED
BANK-X,BANK-X-ALT-00007,Data Exfiltration activity detected,Automated DATA_EXFILTRATION alert on asset BANK-X-AST-0011,HIGH,DATA_EXFILTRATION,NDR,BANK-X-AST-0011,2026-08-26 09:19:18,2026-08-26 09:40:18,2026-08-26 12:16:18,CLOSED
BANK-X,BANK-X-ALT-00008,Insider Threat activity detected,Automated INSIDER_THREAT alert on asset BANK-X-AST-0040,MEDIUM,INSIDER_THREAT,NDR,BANK-X-AST-0040,2026-07-29 16:30:32,2026-07-29 16:48:32,2026-07-30 11:39:32,CLOSED
BANK-X,BANK-X-ALT-00009,Malware activity detected,Automated MALWARE alert on asset BANK-X-AST-0043,LOW,MALWARE,WAF,BANK-X-AST-0043,2026-08-18 22:35:06,2026-08-18 22:40:06,2026-08-19 19:32:06,CLOSED
BANK-X,BANK-X-ALT-00010,Policy Violation activity detected,Automated POLICY_VIOLATION alert on asset BANK-X-AST-0021,MEDIUM,POLICY_VIOLATION,NDR,BANK-X-AST-0021,2026-08-29 18:20:57,2026-08-29 18:29:57,2026-08-30 01:00:57,CLOSED
BANK-X,BANK-X-ALT-00011,Insider Threat activity detected,Automated INSIDER_THREAT alert on asset BANK-X-AST-0040,INFO,INSIDER_THREAT,WAF,BANK-X-AST-0040,2026-07-02 07:08:38,2026-07-02 07:28:38,2026-07-02 17:34:38,CLOSED
BANK-X,BANK-X-ALT-00012,Phishing activity detected,Automated PHISHING alert on asset BANK-X-AST-0006,MEDIUM,PHISHING,EDR,BANK-X-AST-0006,2026-09-21 17:29:21,2026-09-21 17:48:21,2026-09-22 00:26:21,CLOSED
BANK-X,BANK-X-ALT-00013,Malware activity detected,Automated MALWARE alert on asset BANK-X-AST-0036,LOW,MALWARE,SIEM,BANK-X-AST-0036,2026-07-24 16:46:06,2026-07-24 16:47:06,2026-07-25 02:26:06,CLOSED
BANK-X,BANK-X-ALT-00014,Dos activity detected,Automated DoS alert on asset BANK-X-AST-0044,LOW,DoS,SIEM,BANK-X-AST-0044,2026-07-12 11:14:25,2026-07-12 11:43:25,2026-07-12 19:09:25,CLOSED
BANK-X,BANK-X-ALT-00015,Data Exfiltration activity detected,Automated DATA_EXFILTRATION alert on asset BANK-X-AST-0039,HIGH,DATA_EXFILTRATION,EDR,BANK-X-AST-0039,2026-07-05 20:12:18,2026-07-05 20:33:18,2026-07-05 21:51:18,CLOSED
BANK-X,BANK-X-ALT-00016,Insider Threat activity detected,Automated INSIDER_THREAT alert on asset BANK-X-AST-0015,MEDIUM,INSIDER_THREAT,SIEM,BANK-X-AST-0015,2026-08-18 01:44:27,2026-08-18 01:47:27,2026-08-19 00:16:27,CLOSED
BANK-X,BANK-X-ALT-00017,Policy Violation activity detected,Automated POLICY_VIOLATION alert on asset BANK-X-AST-0034,MEDIUM,POLICY_VIOLATION,EDR,BANK-X-AST-0034,2026-07-12 12:18:57,2026-07-12 12:40:57,2026-07-12 23:12:57,CLOSED
BANK-X,BANK-X-ALT-00018,Unauthorized Access activity detected,Automated UNAUTHORIZED_ACCESS alert on asset BANK-X-AST-0016,MEDIUM,UNAUTHORIZED_ACCESS,EDR,BANK-X-AST-0016,2026-09-16 08:49:51,2026-09-16 08:50:51,2026-09-16 19:41:51,CLOSED
BANK-X,BANK-X-ALT-00019,Dos activity detected,Automated DoS alert on asset BANK-X-AST-0018,HIGH,DoS,NDR,BANK-X-AST-0018,2026-07-19 19:23:01,2026-07-19 19:36:01,2026-07-19 21:07:01,CLOSED
BANK-X,BANK-X-ALT-00020,Phishing activity detected,Automated PHISHING alert on asset BANK-X-AST-0014,MEDIUM,PHISHING,SIEM,BANK-X-AST-0014,2026-07-15 19:51:42,2026-07-15 20:19:42,2026-07-16 00:07:42,CLOSED
BANK-X,BANK-X-ALT-00021,Policy Violation activity detected,Automated POLICY_VIOLATION alert on asset BANK-X-AST-0020,HIGH,POLICY_VIOLATION,EDR,BANK-X-AST-0020,2026-09-04 02:53:27,2026-09-04 03:15:27,2026-09-04 04:23:27,CLOSED
BANK-X,BANK-X-ALT-00022,Unauthorized Access activity detected,Automated UNAUTHORIZED_ACCESS alert on asset BANK-X-AST-0027,MEDIUM,UNAUTHORIZED_ACCESS,NDR,BANK-X-AST-0027,2026-09-09 20:57:12,2026-09-09 21:13:12,2026-09-10 20:55:12,CLOSED
BANK-X,BANK-X-ALT-00023,Phishing activity detected,Automated PHISHING alert on asset BANK-X-AST-0037,LOW,PHISHING,SIEM,BANK-X-AST-0037,2026-07-25 03:26:47,2026-07-25 03:56:47,2026-07-25 23:31:47,CLOSED
BANK-X,BANK-X-ALT-00024,Malware activity detected,Automated MALWARE alert on asset BANK-X-AST-0016,HIGH,MALWARE,SIEM,BANK-X-AST-0016,2026-09-05 02:50:30,2026-09-05 02:54:30,2026-09-05 04:29:30,CLOSED
BANK-X,BANK-X-ALT-00025,Insider Threat activity detected,Automated INSIDER_THREAT alert on asset BANK-X-AST-0014,INFO,INSIDER_THREAT,SIEM,BANK-X-AST-0014,2026-08-16 16:50:30,2026-08-16 17:00:30,2026-08-17 08:28:30,CLOSED
BANK-X,BANK-X-ALT-00026,Dos activity detected,Automated DoS alert on asset BANK-X-AST-0038,LOW,DoS,EDR,BANK-X-AST-0038,2026-09-14 23:26:28,2026-09-14 23:54:28,2026-09-15 16:42:28,FALSE_POSITIVE
BANK-X,BANK-X-ALT-00027,Malware activity detected,Automated MALWARE alert on asset BANK-X-AST-0010,HIGH,MALWARE,WAF,BANK-X-AST-0010,2026-08-29 21:33:35,2026-08-29 22:02:35,2026-08-29 23:32:35,CLOSED
BANK-X,BANK-X-ALT-00028,Data Exfiltration activity detected,Automated DATA_EXFILTRATION alert on asset BANK-X-AST-0016,MEDIUM,DATA_EXFILTRATION,SIEM,BANK-X-AST-0016,2026-08-21 19:39:29,2026-08-21 20:09:29,2026-08-22 09:30:29,CLOSED
BANK-X,BANK-X-ALT-00029,Dos activity detected,Automated DoS alert on asset BANK-X-AST-0025,HIGH,DoS,SIEM,BANK-X-AST-0025,2026-09-14 07:46:45,2026-09-14 08:15:45,2026-09-14 08:41:45,FALSE_POSITIVE
BANK-X,BANK-X-ALT-00030,Data Exfiltration activity detected,Automated DATA_EXFILTRATION alert on asset BANK-X-AST-0033,MEDIUM,DATA_EXFILTRATION,SIEM,BANK-X-AST-0033,2026-07-30 09:48:47,2026-07-30 10:18:47,2026-07-31 00:58:47,CLOSED
BANK-X,BANK-X-ALT-00031,Unauthorized Access activity detected,Automated UNAUTHORIZED_ACCESS alert on asset BANK-X-AST-0015,LOW,UNAUTHORIZED_ACCESS,NDR,BANK-X-AST-0015,2026-08-18 14:50:01,2026-08-18 15:04:01,2026-08-18 23:40:01,CLOSED
BANK-X,BANK-X-ALT-00032,Config Change activity detected,Automated CONFIG_CHANGE alert on asset BANK-X-AST-0019,CRITICAL,CONFIG_CHANGE,NDR,BANK-X-AST-0019,2026-08-18 13:11:54,2026-08-18 13:15:54,2026-08-18 15:27:54,CLOSED
BANK-X,BANK-X-ALT-00033,Policy Violation activity detected,Automated POLICY_VIOLATION alert on asset BANK-X-AST-0031,MEDIUM,POLICY_VIOLATION,SIEM,BANK-X-AST-0031,2026-07-14 13:35:46,2026-07-14 14:00:46,2026-07-14 15:08:46,FALSE_POSITIVE
BANK-X,BANK-X-ALT-00034,Data Exfiltration activity detected,Automated DATA_EXFILTRATION alert on asset BANK-X-AST-0020,LOW,DATA_EXFILTRATION,WAF,BANK-X-AST-0020,2026-07-28 07:15:02,2026-07-28 07:22:02,2026-07-29 02:13:02,CLOSED
BANK-X,BANK-X-ALT-00035,Policy Violation activity detected,Automated POLICY_VIOLATION alert on asset BANK-X-AST-0042,MEDIUM,POLICY_VIOLATION,WAF,BANK-X-AST-0042,2026-09-13 03:37:45,2026-09-13 03:59:45,2026-09-13 07:56:45,CLOSED
BANK-X,BANK-X-ALT-00036,Policy Violation activity detected,Automated POLICY_VIOLATION alert on asset BANK-X-AST-0036,LOW,POLICY_VIOLATION,EDR,BANK-X-AST-0036,2026-07-30 06:05:22,2026-07-30 06:07:22,2026-07-30 20:03:22,CLOSED
BANK-X,BANK-X-ALT-00037,Malware activity detected,Automated MALWARE alert on asset BANK-X-AST-0013,MEDIUM,MALWARE,SIEM,BANK-X-AST-0013,2026-07-24 08:28:29,2026-07-24 08:40:29,2026-07-24 11:54:29,CLOSED
BANK-X,BANK-X-ALT-00038,Policy Violation activity detected,Automated POLICY_VIOLATION alert on asset BANK-X-AST-0034,INFO,POLICY_VIOLATION,EDR,BANK-X-AST-0034,2026-07-24 03:24:06,2026-07-24 03:54:06,2026-07-25 03:11:06,CLOSED
BANK-X,BANK-X-ALT-00039,Insider Threat activity detected,Automated INSIDER_THREAT alert on asset BANK-X-AST-0016,CRITICAL,INSIDER_THREAT,EDR,BANK-X-AST-0016,2026-08-23 10:13:05,2026-08-23 10:42:05,2026-08-23 12:32:05,CLOSED
BANK-X,BANK-X-ALT-00040,Data Exfiltration activity detected,Automated DATA_EXFILTRATION alert on asset BANK-X-AST-0032,LOW,DATA_EXFILTRATION,EDR,BANK-X-AST-0032,2026-09-09 06:20:37,2026-09-09 06:39:37,2026-09-10 01:33:37,CLOSED
BANK-X,BANK-X-ALT-00041,Config Change activity detected,Automated CONFIG_CHANGE alert on asset BANK-X-AST-0041,MEDIUM,CONFIG_CHANGE,WAF,BANK-X-AST-0041,2026-09-16 12:15:05,2026-09-16 12:17:05,2026-09-17 10:07:05,FALSE_POSITIVE
BANK-X,BANK-X-ALT-00042,Config Change activity detected,Automated CONFIG_CHANGE alert on asset BANK-X-AST-0007,MEDIUM,CONFIG_CHANGE,NDR,BANK-X-AST-0007,2026-07-25 11:19:46,2026-07-25 11:21:46,2026-07-26 09:46:46,FALSE_POSITIVE
BANK-X,BANK-X-ALT-00043,Phishing activity detected,Automated PHISHING alert on asset BANK-X-AST-0018,MEDIUM,PHISHING,EDR,BANK-X-AST-0018,2026-09-20 00:28:35,2026-09-20 00:33:35,2026-09-20 07:33:35,CLOSED
BANK-X,BANK-X-ALT-00044,Unauthorized Access activity detected,Automated UNAUTHORIZED_ACCESS alert on asset BANK-X-AST-0017,LOW,UNAUTHORIZED_ACCESS,EDR,BANK-X-AST-0017,2026-07-22 00:24:28,2026-07-22 00:44:28,2026-07-22 21:44:28,FALSE_POSITIVE
BANK-X,BANK-X-ALT-00045,Config Change activity detected,Automated CONFIG_CHANGE alert on asset BANK-X-AST-0007,MEDIUM,CONFIG_CHANGE,NDR,BANK-X-AST-0007,2026-09-23 18:11:50,2026-09-23 18:14:50,2026-09-24 17:21:50,CLOSED
BANK-X,BANK-X-ALT-00046,Config Change activity detected,Automated CONFIG_CHANGE alert on asset BANK-X-AST-0012,MEDIUM,CONFIG_CHANGE,EDR,BANK-X-AST-0012,2026-07-05 23:46:38,2026-07-06 00:04:38,2026-07-06 16:48:38,FALSE_POSITIVE
BANK-X,BANK-X-ALT-00047,Phishing activity detected,Automated PHISHING alert on asset BANK-X-AST-0011,INFO,PHISHING,NDR,BANK-X-AST-0011,2026-08-26 21:23:13,2026-08-26 21:48:13,2026-08-27 02:02:13,CLOSED
BANK-X,BANK-X-ALT-00048,Policy Violation activity detected,Automated POLICY_VIOLATION alert on asset BANK-X-AST-0019,LOW,POLICY_VIOLATION,WAF,BANK-X-AST-0019,2026-09-20 12:54:35,2026-09-20 12:58:35,2026-09-21 12:15:35,CLOSED
BANK-X,BANK-X-ALT-00049,Unauthorized Access activity detected,Automated UNAUTHORIZED_ACCESS alert on asset BANK-X-AST-0020,LOW,UNAUTHORIZED_ACCESS,EDR,BANK-X-AST-0020,2026-09-06 16:18:03,2026-09-06 16:48:03,2026-09-07 15:09:03,FALSE_POSITIVE
BANK-X,BANK-X-ALT-00050,Dos activity detected,Automated DoS alert on asset BANK-X-AST-0034,MEDIUM,DoS,WAF,BANK-X-AST-0034,2026-08-24 07:38:20,2026-08-24 07:50:20,2026-08-25 02:28:20,CLOSED
BANK-X,BANK-X-ALT-00051,Unauthorized Access activity detected,Automated UNAUTHORIZED_ACCESS alert on asset BANK-X-AST-0042,LOW,UNAUTHORIZED_ACCESS,NDR,BANK-X-AST-0042,2026-08-31 11:05:35,2026-08-31 11:30:35,2026-08-31 13:54:35,CLOSED
BANK-X,BANK-X-ALT-00052,Data Exfiltration activity detected,Automated DATA_EXFILTRATION alert on asset BANK-X-AST-0013,MEDIUM,DATA_EXFILTRATION,EDR,BANK-X-AST-0013,2026-09-18 16:00:13,2026-09-18 16:22:13,2026-09-18 20:14:13,CLOSED
BANK-X,BANK-X-ALT-00053,Data Exfiltration activity detected,Automated DATA_EXFILTRATION alert on asset BANK-X-AST-0002,LOW,DATA_EXFILTRATION,SIEM,BANK-X-AST-0002,2026-08-10 02:16:36,2026-08-10 02:29:36,2026-08-11 01:37:36,CLOSED
BANK-X,BANK-X-ALT-00054,Insider Threat activity detected,Automated INSIDER_THREAT alert on asset BANK-X-AST-0016,HIGH,INSIDER_THREAT,WAF,BANK-X-AST-0016,2026-08-07 10:07:53,2026-08-07 10:14:53,2026-08-07 12:57:53,FALSE_POSITIVE
BANK-X,BANK-X-ALT-00055,Insider Threat activity detected,Automated INSIDER_THREAT alert on asset BANK-X-AST-0014,HIGH,INSIDER_THREAT,EDR,BANK-X-AST-0014,2026-08-10 02:32:41,2026-08-10 02:34:41,2026-08-10 04:41:41,CLOSED
BANK-X,BANK-X-ALT-00056,Unauthorized Access activity detected,Automated UNAUTHORIZED_ACCESS alert on asset BANK-X-AST-0023,HIGH,UNAUTHORIZED_ACCESS,NDR,BANK-X-AST-0023,2026-09-19 01:41:24,2026-09-19 01:47:24,2026-09-19 04:07:24,FALSE_POSITIVE
BANK-X,BANK-X-ALT-00057,Dos activity detected,Automated DoS alert on asset BANK-X-AST-0022,LOW,DoS,WAF,BANK-X-AST-0022,2026-08-20 12:06:50,2026-08-20 12:26:50,2026-08-20 15:34:50,CLOSED
BANK-X,BANK-X-ALT-00058,Malware activity detected,Automated MALWARE alert on asset BANK-X-AST-0013,MEDIUM,MALWARE,WAF,BANK-X-AST-0013,2026-07-28 14:41:08,2026-07-28 15:09:08,2026-07-28 18:39:08,FALSE_POSITIVE
BANK-X,BANK-X-ALT-00059,Unauthorized Access activity detected,Automated UNAUTHORIZED_ACCESS alert on asset BANK-X-AST-0023,LOW,UNAUTHORIZED_ACCESS,NDR,BANK-X-AST-0023,2026-09-19 02:35:31,2026-09-19 02:52:31,2026-09-19 12:33:31,CLOSED
BANK-X,BANK-X-ALT-00060,Config Change activity detected,Automated CONFIG_CHANGE alert on asset BANK-X-AST-0015,HIGH,CONFIG_CHANGE,WAF,BANK-X-AST-0015,2026-09-16 18:13:20,2026-09-16 18:25:20,2026-09-16 20:59:20,FALSE_POSITIVE
BANK-X,BANK-X-ALT-00061,Unauthorized Access activity detected,Automated UNAUTHORIZED_ACCESS alert on asset BANK-X-AST-0004,MEDIUM,UNAUTHORIZED_ACCESS,SIEM,BANK-X-AST-0004,2026-08-31 04:32:59,2026-08-31 04:38:59,2026-08-31 10:48:59,CLOSED
BANK-X,BANK-X-ALT-00062,Dos activity detected,Automated DoS alert on asset BANK-X-AST-0037,LOW,DoS,WAF,BANK-X-AST-0037,2026-09-24 17:21:14,2026-09-24 17:31:14,2026-09-25 04:45:14,CLOSED
BANK-X,BANK-X-ALT-00063,Dos activity detected,Automated DoS alert on asset BANK-X-AST-0028,LOW,DoS,WAF,BANK-X-AST-0028,2026-07-05 09:21:20,2026-07-05 09:37:20,2026-07-05 10:48:20,FALSE_POSITIVE
BANK-X,BANK-X-ALT-00064,Phishing activity detected,Automated PHISHING alert on asset BANK-X-AST-0031,HIGH,PHISHING,WAF,BANK-X-AST-0031,2026-09-24 01:33:37,2026-09-24 01:42:37,2026-09-24 02:25:37,CLOSED
BANK-X,BANK-X-ALT-00065,Data Exfiltration activity detected,Automated DATA_EXFILTRATION alert on asset BANK-X-AST-0025,LOW,DATA_EXFILTRATION,WAF,BANK-X-AST-0025,2026-08-07 14:11:18,2026-08-07 14:24:18,2026-08-08 01:57:18,CLOSED
BANK-X,BANK-X-ALT-00066,Config Change activity detected,Automated CONFIG_CHANGE alert on asset BANK-X-AST-0012,INFO,CONFIG_CHANGE,NDR,BANK-X-AST-0012,2026-09-03 17:04:40,2026-09-03 17:13:40,2026-09-04 16:12:40,CLOSED
BANK-X,BANK-X-ALT-00067,Phishing activity detected,Automated PHISHING alert on asset BANK-X-AST-0022,CRITICAL,PHISHING,NDR,BANK-X-AST-0022,2026-08-23 20:27:26,2026-08-23 20:44:26,2026-08-23 23:16:26,CLOSED
BANK-X,BANK-X-ALT-00068,Dos activity detected,Automated DoS alert on asset BANK-X-AST-0005,LOW,DoS,NDR,BANK-X-AST-0005,2026-08-04 05:35:56,2026-08-04 05:41:56,2026-08-05 04:33:56,CLOSED
BANK-X,BANK-X-ALT-00069,Data Exfiltration activity detected,Automated DATA_EXFILTRATION alert on asset BANK-X-AST-0031,MEDIUM,DATA_EXFILTRATION,EDR,BANK-X-AST-0031,2026-07-25 18:49:13,2026-07-25 18:54:13,2026-07-26 12:36:13,CLOSED
BANK-X,BANK-X-ALT-00070,Insider Threat activity detected,Automated INSIDER_THREAT alert on asset BANK-X-AST-0027,HIGH,INSIDER_THREAT,WAF,BANK-X-AST-0027,2026-08-12 01:14:33,2026-08-12 01:44:33,2026-08-12 04:02:33,CLOSED
BANK-X,BANK-X-ALT-00071,Unauthorized Access activity detected,Automated UNAUTHORIZED_ACCESS alert on asset BANK-X-AST-0029,MEDIUM,UNAUTHORIZED_ACCESS,EDR,BANK-X-AST-0029,2026-09-26 18:45:36,2026-09-26 18:56:36,2026-09-27 13:42:36,FALSE_POSITIVE
BANK-X,BANK-X-ALT-00072,Phishing activity detected,Automated PHISHING alert on asset BANK-X-AST-0027,LOW,PHISHING,WAF,BANK-X-AST-0027,2026-08-21 23:23:41,2026-08-21 23:36:41,2026-08-22 09:17:41,FALSE_POSITIVE
BANK-X,BANK-X-ALT-00073,Dos activity detected,Automated DoS alert on asset BANK-X-AST-0011,LOW,DoS,EDR,BANK-X-AST-0011,2026-09-15 16:48:12,2026-09-15 17:04:12,2026-09-16 07:28:12,CLOSED
BANK-X,BANK-X-ALT-00074,Dos activity detected,Automated DoS alert on asset BANK-X-AST-0031,MEDIUM,DoS,EDR,BANK-X-AST-0031,2026-09-09 02:12:57,2026-09-09 02:29:57,2026-09-09 15:27:57,CLOSED
BANK-X,BANK-X-ALT-00075,Malware activity detected,Automated MALWARE alert on asset BANK-X-AST-0002,LOW,MALWARE,NDR,BANK-X-AST-0002,2026-07-24 15:37:18,2026-07-24 16:05:18,2026-07-24 16:42:18,CLOSED
BANK-X,BANK-X-ALT-00076,Config Change activity detected,Automated CONFIG_CHANGE alert on asset BANK-X-AST-0016,MEDIUM,CONFIG_CHANGE,SIEM,BANK-X-AST-0016,2026-08-31 21:59:35,2026-08-31 22:29:35,2026-09-01 17:14:35,CLOSED
BANK-X,BANK-X-ALT-00077,Insider Threat activity detected,Automated INSIDER_THREAT alert on asset BANK-X-AST-0025,HIGH,INSIDER_THREAT,SIEM,BANK-X-AST-0025,2026-09-19 11:02:31,2026-09-19 11:10:31,2026-09-19 15:11:31,CLOSED
BANK-X,BANK-X-ALT-00078,Unauthorized Access activity detected,Automated UNAUTHORIZED_ACCESS alert on asset BANK-X-AST-0018,HIGH,UNAUTHORIZED_ACCESS,EDR,BANK-X-AST-0018,2026-08-23 16:27:07,2026-08-23 16:57:07,2026-08-23 20:34:07,CLOSED
BANK-X,BANK-X-ALT-00079,Data Exfiltration activity detected,Automated DATA_EXFILTRATION alert on asset BANK-X-AST-0019,INFO,DATA_EXFILTRATION,NDR,BANK-X-AST-0019,2026-07-04 07:26:12,2026-07-04 07:47:12,2026-07-04 09:00:12,CLOSED
BANK-X,BANK-X-ALT-00080,Phishing activity detected,Automated PHISHING alert on asset BANK-X-AST-0037,MEDIUM,PHISHING,WAF,BANK-X-AST-0037,2026-07-09 03:38:52,2026-07-09 03:51:52,2026-07-09 19:00:52,FALSE_POSITIVE
BANK-X,BANK-X-ALT-00081,Config Change activity detected,Automated CONFIG_CHANGE alert on asset BANK-X-AST-0042,MEDIUM,CONFIG_CHANGE,NDR,BANK-X-AST-0042,2026-09-14 15:59:14,2026-09-14 16:04:14,2026-09-15 04:14:14,CLOSED
BANK-X,BANK-X-ALT-00082,Dos activity detected,Automated DoS alert on asset BANK-X-AST-0014,INFO,DoS,SIEM,BANK-X-AST-0014,2026-08-24 19:44:35,2026-08-24 20:02:35,2026-08-25 12:03:35,FALSE_POSITIVE
BANK-X,BANK-X-ALT-00083,Phishing activity detected,Automated PHISHING alert on asset BANK-X-AST-0043,HIGH,PHISHING,SIEM,BANK-X-AST-0043,2026-08-17 14:22:21,2026-08-17 14:49:21,2026-08-17 15:35:21,FALSE_POSITIVE
BANK-X,BANK-X-ALT-00084,Malware activity detected,Automated MALWARE alert on asset BANK-X-AST-0027,LOW,MALWARE,NDR,BANK-X-AST-0027,2026-08-09 19:28:35,2026-08-09 19:48:35,2026-08-09 21:20:35,CLOSED
BANK-X,BANK-X-ALT-00085,Policy Violation activity detected,Automated POLICY_VIOLATION alert on asset BANK-X-AST-0019,CRITICAL,POLICY_VIOLATION,NDR,BANK-X-AST-0019,2026-09-26 12:10:01,2026-09-26 12:15:01,2026-09-26 13:25:01,FALSE_POSITIVE
BANK-X,BANK-X-ALT-00086,Config Change activity detected,Automated CONFIG_CHANGE alert on asset BANK-X-AST-0016,LOW,CONFIG_CHANGE,SIEM,BANK-X-AST-0016,2026-07-18 15:16:46,2026-07-18 15:43:46,2026-07-19 01:13:46,CLOSED
BANK-X,BANK-X-ALT-00087,Phishing activity detected,Automated PHISHING alert on asset BANK-X-AST-0038,INFO,PHISHING,SIEM,BANK-X-AST-0038,2026-09-08 20:17:20,2026-09-08 20:18:20,2026-09-09 03:32:20,CLOSED
BANK-X,BANK-X-ALT-00088,Config Change activity detected,Automated CONFIG_CHANGE alert on asset BANK-X-AST-0003,INFO,CONFIG_CHANGE,EDR,BANK-X-AST-0003,2026-08-11 13:36:32,2026-08-11 13:48:32,2026-08-12 07:59:32,FALSE_POSITIVE
BANK-X,BANK-X-ALT-00089,Unauthorized Access activity detected,Automated UNAUTHORIZED_ACCESS alert on asset BANK-X-AST-0026,LOW,UNAUTHORIZED_ACCESS,NDR,BANK-X-AST-0026,2026-09-06 01:03:54,2026-09-06 01:18:54,2026-09-06 18:40:54,FALSE_POSITIVE
BANK-X,BANK-X-ALT-00090,Dos activity detected,Automated DoS alert on asset BANK-X-AST-0008,MEDIUM,DoS,SIEM,BANK-X-AST-0008,2026-08-29 09:28:45,2026-08-29 09:58:45,2026-08-29 13:25:45,CLOSED
BANK-X,BANK-X-ALT-00091,Malware activity detected,Automated MALWARE alert on asset BANK-X-AST-0030,LOW,MALWARE,WAF,BANK-X-AST-0030,2026-07-27 15:12:52,2026-07-27 15:29:52,2026-07-28 06:46:52,CLOSED
BANK-X,BANK-X-ALT-00092,Insider Threat activity detected,Automated INSIDER_THREAT alert on asset BANK-X-AST-0016,LOW,INSIDER_THREAT,NDR,BANK-X-AST-0016,2026-08-22 14:30:51,2026-08-22 14:47:51,2026-08-22 17:05:51,CLOSED
BANK-X,BANK-X-ALT-00093,Dos activity detected,Automated DoS alert on asset BANK-X-AST-0008,MEDIUM,DoS,SIEM,BANK-X-AST-0008,2026-09-07 20:34:01,2026-09-07 20:56:01,2026-09-08 17:52:01,FALSE_POSITIVE
BANK-X,BANK-X-ALT-00094,Data Exfiltration activity detected,Automated DATA_EXFILTRATION alert on asset BANK-X-AST-0024,MEDIUM,DATA_EXFILTRATION,EDR,BANK-X-AST-0024,2026-09-10 03:17:18,2026-09-10 03:33:18,2026-09-10 16:58:18,FALSE_POSITIVE
BANK-X,BANK-X-ALT-00095,Data Exfiltration activity detected,Automated DATA_EXFILTRATION alert on asset BANK-X-AST-0030,MEDIUM,DATA_EXFILTRATION,EDR,BANK-X-AST-0030,2026-08-10 09:56:26,2026-08-10 10:09:26,2026-08-11 07:06:26,FALSE_POSITIVE
BANK-X,BANK-X-ALT-00096,Phishing activity detected,Automated PHISHING alert on asset BANK-X-AST-0034,HIGH,PHISHING,NDR,BANK-X-AST-0034,2026-07-11 10:06:41,2026-07-11 10:19:41,2026-07-11 14:37:41,FALSE_POSITIVE
BANK-X,BANK-X-ALT-00097,Policy Violation activity detected,Automated POLICY_VIOLATION alert on asset BANK-X-AST-0046,CRITICAL,POLICY_VIOLATION,SIEM,BANK-X-AST-0046,2026-09-06 12:30:45,2026-09-06 12:33:45,2026-09-06 13:22:45,CLOSED
BANK-X,BANK-X-ALT-00098,Config Change activity detected,Automated CONFIG_CHANGE alert on asset BANK-X-AST-0005,LOW,CONFIG_CHANGE,WAF,BANK-X-AST-0005,2026-08-17 18:18:14,2026-08-17 18:35:14,2026-08-18 16:26:14,CLOSED
BANK-X,BANK-X-ALT-00099,Policy Violation activity detected,Automated POLICY_VIOLATION alert on asset BANK-X-AST-0023,MEDIUM,POLICY_VIOLATION,SIEM,BANK-X-AST-0023,2026-08-31 15:48:44,2026-08-31 16:17:44,2026-09-01 07:47:44,CLOSED
BANK-X,BANK-X-ALT-00100,Phishing activity detected,Automated PHISHING alert on asset BANK-X-AST-0007,MEDIUM,PHISHING,EDR,BANK-X-AST-0007,2026-07-04 08:48:16,2026-07-04 09:10:16,2026-07-04 20:31:16,CLOSED
BANK-X,BANK-X-ALT-00101,Phishing activity detected,Automated PHISHING alert on asset BANK-X-AST-0001,MEDIUM,PHISHING,NDR,BANK-X-AST-0001,2026-08-21 15:02:14,2026-08-21 15:14:14,2026-08-22 08:41:14,FALSE_POSITIVE
BANK-X,BANK-X-ALT-00102,Data Exfiltration activity detected,Automated DATA_EXFILTRATION alert on asset BANK-X-AST-0024,MEDIUM,DATA_EXFILTRATION,EDR,BANK-X-AST-0024,2026-09-10 07:24:48,2026-09-10 07:46:48,2026-09-10 14:22:48,FALSE_POSITIVE
BANK-X,BANK-X-ALT-00103,Unauthorized Access activity detected,Automated UNAUTHORIZED_ACCESS alert on asset BANK-X-AST-0016,INFO,UNAUTHORIZED_ACCESS,EDR,BANK-X-AST-0016,2026-07-04 14:32:47,2026-07-04 14:33:47,2026-07-05 02:45:47,FALSE_POSITIVE
BANK-X,BANK-X-ALT-00104,Insider Threat activity detected,Automated INSIDER_THREAT alert on asset BANK-X-AST-0026,LOW,INSIDER_THREAT,EDR,BANK-X-AST-0026,2026-08-06 11:15:26,2026-08-06 11:38:26,2026-08-07 08:50:26,CLOSED
BANK-X,BANK-X-ALT-00105,Policy Violation activity detected,Automated POLICY_VIOLATION alert on asset BANK-X-AST-0022,INFO,POLICY_VIOLATION,NDR,BANK-X-AST-0022,2026-09-27 21:57:44,2026-09-27 22:17:44,2026-09-28 21:26:44,CLOSED
BANK-X,BANK-X-ALT-00106,Insider Threat activity detected,Automated INSIDER_THREAT alert on asset BANK-X-AST-0009,CRITICAL,INSIDER_THREAT,WAF,BANK-X-AST-0009,2026-07-16 13:12:57,2026-07-16 13:32:57,2026-07-16 15:06:57,FALSE_POSITIVE
BANK-X,BANK-X-ALT-00107,Dos activity detected,Automated DoS alert on asset BANK-X-AST-0042,INFO,DoS,SIEM,BANK-X-AST-0042,2026-08-09 04:09:46,2026-08-09 04:32:46,2026-08-09 22:52:46,CLOSED
BANK-X,BANK-X-ALT-00108,Unauthorized Access activity detected,Automated UNAUTHORIZED_ACCESS alert on asset BANK-X-AST-0016,LOW,UNAUTHORIZED_ACCESS,EDR,BANK-X-AST-0016,2026-09-20 11:06:20,2026-09-20 11:15:20,2026-09-21 00:34:20,CLOSED
BANK-X,BANK-X-ALT-00109,Insider Threat activity detected,Automated INSIDER_THREAT alert on asset BANK-X-AST-0004,CRITICAL,INSIDER_THREAT,NDR,BANK-X-AST-0004,2026-08-21 05:54:12,2026-08-21 06:06:12,2026-08-21 08:37:12,CLOSED
BANK-X,BANK-X-ALT-00110,Insider Threat activity detected,Automated INSIDER_THREAT alert on asset BANK-X-AST-0035,LOW,INSIDER_THREAT,EDR,BANK-X-AST-0035,2026-08-22 05:52:36,2026-08-22 05:54:36,2026-08-22 12:37:36,CLOSED
BANK-X,BANK-X-ALT-00111,Unauthorized Access activity detected,Automated UNAUTHORIZED_ACCESS alert on asset BANK-X-AST-0034,LOW,UNAUTHORIZED_ACCESS,WAF,BANK-X-AST-0034,2026-09-18 13:28:15,2026-09-18 13:51:15,2026-09-18 23:25:15,CLOSED
BANK-X,BANK-X-ALT-00112,Policy Violation activity detected,Automated POLICY_VIOLATION alert on asset BANK-X-AST-0013,HIGH,POLICY_VIOLATION,SIEM,BANK-X-AST-0013,2026-09-25 15:43:11,2026-09-25 15:46:11,2026-09-25 20:28:11,CLOSED
BANK-X,BANK-X-ALT-00113,Config Change activity detected,Automated CONFIG_CHANGE alert on asset BANK-X-AST-0011,LOW,CONFIG_CHANGE,EDR,BANK-X-AST-0011,2026-08-02 04:42:42,2026-08-02 04:43:42,2026-08-02 08:38:42,CLOSED
BANK-X,BANK-X-ALT-00114,Config Change activity detected,Automated CONFIG_CHANGE alert on asset BANK-X-AST-0045,MEDIUM,CONFIG_CHANGE,NDR,BANK-X-AST-0045,2026-07-31 16:49:54,2026-07-31 17:12:54,2026-07-31 19:14:54,CLOSED
BANK-X,BANK-X-ALT-00115,Unauthorized Access activity detected,Automated UNAUTHORIZED_ACCESS alert on asset BANK-X-AST-0039,MEDIUM,UNAUTHORIZED_ACCESS,EDR,BANK-X-AST-0039,2026-09-21 09:25:56,2026-09-21 09:48:56,2026-09-22 01:55:56,CLOSED
BANK-X,BANK-X-ALT-00116,Policy Violation activity detected,Automated POLICY_VIOLATION alert on asset BANK-X-AST-0001,MEDIUM,POLICY_VIOLATION,NDR,BANK-X-AST-0001,2026-09-11 09:17:51,2026-09-11 09:36:51,2026-09-11 14:25:51,CLOSED
BANK-X,BANK-X-ALT-00117,Malware activity detected,Automated MALWARE alert on asset BANK-X-AST-0026,HIGH,MALWARE,EDR,BANK-X-AST-0026,2026-07-03 08:03:36,2026-07-03 08:32:36,2026-07-03 09:32:36,CLOSED
BANK-X,BANK-X-ALT-00118,Policy Violation activity detected,Automated POLICY_VIOLATION alert on asset BANK-X-AST-0030,LOW,POLICY_VIOLATION,NDR,BANK-X-AST-0030,2026-07-04 04:47:19,2026-07-04 05:01:19,2026-07-04 11:29:19,CLOSED
BANK-X,BANK-X-ALT-00119,Config Change activity detected,Automated CONFIG_CHANGE alert on asset BANK-X-AST-0025,LOW,CONFIG_CHANGE,NDR,BANK-X-AST-0025,2026-09-06 22:37:20,2026-09-06 23:03:20,2026-09-07 14:10:20,CLOSED
BANK-X,BANK-X-ALT-00120,Unauthorized Access activity detected,Automated UNAUTHORIZED_ACCESS alert on asset BANK-X-AST-0040,MEDIUM,UNAUTHORIZED_ACCESS,EDR,BANK-X-AST-0040,2026-07-10 02:35:19,2026-07-10 02:53:19,2026-07-10 17:57:19,FALSE_POSITIVE
BANK-X,BANK-X-ALT-00121,Data Exfiltration activity detected,Automated DATA_EXFILTRATION alert on asset BANK-X-AST-0016,LOW,DATA_EXFILTRATION,SIEM,BANK-X-AST-0016,2026-07-16 22:10:39,2026-07-16 22:18:39,2026-07-17 16:41:39,CLOSED
BANK-X,BANK-X-ALT-00122,Phishing activity detected,Automated PHISHING alert on asset BANK-X-AST-0004,MEDIUM,PHISHING,EDR,BANK-X-AST-0004,2026-08-13 08:53:45,2026-08-13 09:02:45,2026-08-13 10:08:45,CLOSED
BANK-X,BANK-X-ALT-00123,Unauthorized Access activity detected,Automated UNAUTHORIZED_ACCESS alert on asset BANK-X-AST-0032,LOW,UNAUTHORIZED_ACCESS,EDR,BANK-X-AST-0032,2026-07-06 09:40:18,2026-07-06 10:08:18,2026-07-06 22:50:18,CLOSED
BANK-X,BANK-X-ALT-00124,Policy Violation activity detected,Automated POLICY_VIOLATION alert on asset BANK-X-AST-0030,LOW,POLICY_VIOLATION,NDR,BANK-X-AST-0030,2026-09-04 22:45:09,2026-09-04 23:01:09,2026-09-05 21:47:09,CLOSED
BANK-X,BANK-X-ALT-00125,Unauthorized Access activity detected,Automated UNAUTHORIZED_ACCESS alert on asset BANK-X-AST-0001,MEDIUM,UNAUTHORIZED_ACCESS,NDR,BANK-X-AST-0001,2026-08-07 23:14:38,2026-08-07 23:44:38,2026-08-08 19:46:38,FALSE_POSITIVE
BANK-X,BANK-X-ALT-00126,Dos activity detected,Automated DoS alert on asset BANK-X-AST-0030,HIGH,DoS,SIEM,BANK-X-AST-0030,2026-08-17 21:24:13,2026-08-17 21:31:13,2026-08-18 00:47:13,FALSE_POSITIVE
BANK-X,BANK-X-ALT-00127,Data Exfiltration activity detected,Automated DATA_EXFILTRATION alert on asset BANK-X-AST-0010,HIGH,DATA_EXFILTRATION,EDR,BANK-X-AST-0010,2026-09-10 16:11:57,2026-09-10 16:17:57,2026-09-10 20:04:57,CLOSED
BANK-X,BANK-X-ALT-00128,Malware activity detected,Automated MALWARE alert on asset BANK-X-AST-0026,INFO,MALWARE,NDR,BANK-X-AST-0026,2026-09-29 09:28:45,2026-09-29 09:42:45,2026-09-30 08:13:45,CLOSED
BANK-X,BANK-X-ALT-00129,Dos activity detected,Automated DoS alert on asset BANK-X-AST-0025,MEDIUM,DoS,EDR,BANK-X-AST-0025,2026-08-08 06:53:36,2026-08-08 07:16:36,2026-08-08 14:37:36,FALSE_POSITIVE
BANK-X,BANK-X-ALT-00130,Unauthorized Access activity detected,Automated UNAUTHORIZED_ACCESS alert on asset BANK-X-AST-0037,HIGH,UNAUTHORIZED_ACCESS,NDR,BANK-X-AST-0037,2026-07-16 15:25:21,2026-07-16 15:47:21,2026-07-16 16:24:21,FALSE_POSITIVE
BANK-X,BANK-X-ALT-00131,Insider Threat activity detected,Automated INSIDER_THREAT alert on asset BANK-X-AST-0032,LOW,INSIDER_THREAT,NDR,BANK-X-AST-0032,2026-09-27 15:40:31,2026-09-27 15:45:31,2026-09-28 10:30:31,CLOSED
BANK-X,BANK-X-ALT-00132,Dos activity detected,Automated DoS alert on asset BANK-X-AST-0030,MEDIUM,DoS,WAF,BANK-X-AST-0030,2026-09-02 23:59:02,2026-09-03 00:08:02,2026-09-03 03:25:02,FALSE_POSITIVE
BANK-X,BANK-X-ALT-00133,Config Change activity detected,Automated CONFIG_CHANGE alert on asset BANK-X-AST-0036,LOW,CONFIG_CHANGE,SIEM,BANK-X-AST-0036,2026-08-31 05:06:14,2026-08-31 05:13:14,2026-09-01 04:47:14,FALSE_POSITIVE
BANK-X,BANK-X-ALT-00134,Unauthorized Access activity detected,Automated UNAUTHORIZED_ACCESS alert on asset BANK-X-AST-0034,HIGH,UNAUTHORIZED_ACCESS,WAF,BANK-X-AST-0034,2026-09-04 05:43:17,2026-09-04 05:49:17,2026-09-04 07:05:17,CLOSED
BANK-X,BANK-X-ALT-00135,Insider Threat activity detected,Automated INSIDER_THREAT alert on asset BANK-X-AST-0027,LOW,INSIDER_THREAT,SIEM,BANK-X-AST-0027,2026-07-01 06:14:22,2026-07-01 06:27:22,2026-07-01 12:43:22,CLOSED
BANK-X,BANK-X-ALT-00136,Dos activity detected,Automated DoS alert on asset BANK-X-AST-0004,CRITICAL,DoS,EDR,BANK-X-AST-0004,2026-07-05 07:59:07,2026-07-05 08:21:07,2026-07-05 08:39:07,CLOSED
BANK-X,BANK-X-ALT-00137,Dos activity detected,Automated DoS alert on asset BANK-X-AST-0004,HIGH,DoS,EDR,BANK-X-AST-0004,2026-08-11 00:22:29,2026-08-11 00:26:29,2026-08-11 02:34:29,CLOSED
BANK-X,BANK-X-ALT-00138,Unauthorized Access activity detected,Automated UNAUTHORIZED_ACCESS alert on asset BANK-X-AST-0017,MEDIUM,UNAUTHORIZED_ACCESS,EDR,BANK-X-AST-0017,2026-07-16 00:37:41,2026-07-16 00:52:41,2026-07-16 17:21:41,CLOSED
BANK-X,BANK-X-ALT-00139,Policy Violation activity detected,Automated POLICY_VIOLATION alert on asset BANK-X-AST-0046,LOW,POLICY_VIOLATION,SIEM,BANK-X-AST-0046,2026-09-25 21:10:50,2026-09-25 21:14:50,2026-09-26 19:35:50,CLOSED
BANK-X,BANK-X-ALT-00140,Malware activity detected,Automated MALWARE alert on asset BANK-X-AST-0038,HIGH,MALWARE,WAF,BANK-X-AST-0038,2026-07-18 09:45:34,2026-07-18 09:52:34,2026-07-18 12:00:34,CLOSED
BANK-X,BANK-X-ALT-00141,Policy Violation activity detected,Automated POLICY_VIOLATION alert on asset BANK-X-AST-0034,HIGH,POLICY_VIOLATION,EDR,BANK-X-AST-0034,2026-08-28 04:11:52,2026-08-28 04:26:52,2026-08-28 06:11:52,CLOSED
BANK-X,BANK-X-ALT-00142,Dos activity detected,Automated DoS alert on asset BANK-X-AST-0021,INFO,DoS,WAF,BANK-X-AST-0021,2026-07-14 18:28:39,2026-07-14 18:49:39,2026-07-15 01:45:39,CLOSED
BANK-X,BANK-X-ALT-00143,Phishing activity detected,Automated PHISHING alert on asset BANK-X-AST-0006,INFO,PHISHING,SIEM,BANK-X-AST-0006,2026-09-16 05:32:49,2026-09-16 05:49:49,2026-09-17 05:04:49,CLOSED
BANK-X,BANK-X-ALT-00144,Unauthorized Access activity detected,Automated UNAUTHORIZED_ACCESS alert on asset BANK-X-AST-0033,MEDIUM,UNAUTHORIZED_ACCESS,WAF,BANK-X-AST-0033,2026-07-25 04:19:46,2026-07-25 04:32:46,2026-07-25 10:08:46,CLOSED
BANK-X,BANK-X-ALT-00145,Insider Threat activity detected,Automated INSIDER_THREAT alert on asset BANK-X-AST-0038,MEDIUM,INSIDER_THREAT,EDR,BANK-X-AST-0038,2026-09-09 19:42:08,2026-09-09 19:59:08,2026-09-09 22:41:08,FALSE_POSITIVE
BANK-X,BANK-X-ALT-00146,Malware activity detected,Automated MALWARE alert on asset BANK-X-AST-0036,INFO,MALWARE,WAF,BANK-X-AST-0036,2026-07-09 05:24:01,2026-07-09 05:29:01,2026-07-10 02:32:01,CLOSED
BANK-X,BANK-X-ALT-00147,Unauthorized Access activity detected,Automated UNAUTHORIZED_ACCESS alert on asset BANK-X-AST-0007,LOW,UNAUTHORIZED_ACCESS,EDR,BANK-X-AST-0007,2026-07-20 10:25:38,2026-07-20 10:43:38,2026-07-20 20:22:38,CLOSED
BANK-X,BANK-X-ALT-00148,Config Change activity detected,Automated CONFIG_CHANGE alert on asset BANK-X-AST-0020,HIGH,CONFIG_CHANGE,NDR,BANK-X-AST-0020,2026-08-15 09:46:53,2026-08-15 10:05:53,2026-08-15 12:02:53,CLOSED
BANK-X,BANK-X-ALT-00149,Insider Threat activity detected,Automated INSIDER_THREAT alert on asset BANK-X-AST-0001,LOW,INSIDER_THREAT,SIEM,BANK-X-AST-0001,2026-07-15 20:24:22,2026-07-15 20:50:22,2026-07-16 02:10:22,CLOSED
BANK-X,BANK-X-ALT-00150,Phishing activity detected,Automated PHISHING alert on asset BANK-X-AST-0044,INFO,PHISHING,NDR,BANK-X-AST-0044,2026-07-10 12:26:15,2026-07-10 12:54:15,2026-07-10 19:04:15,CLOSED
BANK-X,BANK-X-ALT-00151,Malware activity detected,Automated MALWARE alert on asset BANK-X-AST-0004,MEDIUM,MALWARE,EDR,BANK-X-AST-0004,2026-07-04 19:03:14,2026-07-04 19:27:14,2026-07-04 21:11:14,FALSE_POSITIVE
BANK-X,BANK-X-ALT-00152,Config Change activity detected,Automated CONFIG_CHANGE alert on asset BANK-X-AST-0036,LOW,CONFIG_CHANGE,NDR,BANK-X-AST-0036,2026-09-02 05:14:46,2026-09-02 05:34:46,2026-09-03 04:48:46,CLOSED
BANK-X,BANK-X-ALT-00153,Insider Threat activity detected,Automated INSIDER_THREAT alert on asset BANK-X-AST-0012,MEDIUM,INSIDER_THREAT,NDR,BANK-X-AST-0012,2026-07-24 09:42:54,2026-07-24 09:58:54,2026-07-24 19:59:54,CLOSED
BANK-X,BANK-X-ALT-00154,Policy Violation activity detected,Automated POLICY_VIOLATION alert on asset BANK-X-AST-0031,MEDIUM,POLICY_VIOLATION,SIEM,BANK-X-AST-0031,2026-08-02 03:20:05,2026-08-02 03:33:05,2026-08-02 14:08:05,CLOSED
BANK-X,BANK-X-ALT-00155,Data Exfiltration activity detected,Automated DATA_EXFILTRATION alert on asset BANK-X-AST-0011,INFO,DATA_EXFILTRATION,EDR,BANK-X-AST-0011,2026-09-05 13:55:30,2026-09-05 13:58:30,2026-09-06 06:29:30,CLOSED
BANK-X,BANK-X-ALT-00156,Insider Threat activity detected,Automated INSIDER_THREAT alert on asset BANK-X-AST-0020,INFO,INSIDER_THREAT,NDR,BANK-X-AST-0020,2026-08-20 14:41:57,2026-08-20 15:06:57,2026-08-20 17:03:57,CLOSED
BANK-X,BANK-X-ALT-00157,Policy Violation activity detected,Automated POLICY_VIOLATION alert on asset BANK-X-AST-0035,INFO,POLICY_VIOLATION,EDR,BANK-X-AST-0035,2026-08-12 19:24:58,2026-08-12 19:49:58,2026-08-13 17:23:58,CLOSED
BANK-X,BANK-X-ALT-00158,Malware activity detected,Automated MALWARE alert on asset BANK-X-AST-0040,LOW,MALWARE,NDR,BANK-X-AST-0040,2026-08-15 09:01:07,2026-08-15 09:19:07,2026-08-15 16:28:07,CLOSED
BANK-X,BANK-X-ALT-00159,Unauthorized Access activity detected,Automated UNAUTHORIZED_ACCESS alert on asset BANK-X-AST-0016,MEDIUM,UNAUTHORIZED_ACCESS,SIEM,BANK-X-AST-0016,2026-09-02 00:00:36,2026-09-02 00:29:36,2026-09-02 15:41:36,CLOSED
BANK-X,BANK-X-ALT-00160,Insider Threat activity detected,Automated INSIDER_THREAT alert on asset BANK-X-AST-0014,LOW,INSIDER_THREAT,EDR,BANK-X-AST-0014,2026-09-17 15:03:14,2026-09-17 15:10:14,2026-09-18 11:56:14,CLOSED
BANK-X,BANK-X-ALT-00161,Config Change activity detected,Automated CONFIG_CHANGE alert on asset BANK-X-AST-0013,LOW,CONFIG_CHANGE,NDR,BANK-X-AST-0013,2026-07-29 13:23:23,2026-07-29 13:24:23,2026-07-30 12:41:23,CLOSED
BANK-X,BANK-X-ALT-00162,Insider Threat activity detected,Automated INSIDER_THREAT alert on asset BANK-X-AST-0001,LOW,INSIDER_THREAT,EDR,BANK-X-AST-0001,2026-09-16 17:26:41,2026-09-16 17:40:41,2026-09-17 07:08:41,CLOSED
BANK-X,BANK-X-ALT-00163,Dos activity detected,Automated DoS alert on asset BANK-X-AST-0023,MEDIUM,DoS,WAF,BANK-X-AST-0023,2026-07-13 15:44:54,2026-07-13 16:00:54,2026-07-14 07:59:54,CLOSED
BANK-X,BANK-X-ALT-00164,Insider Threat activity detected,Automated INSIDER_THREAT alert on asset BANK-X-AST-0014,LOW,INSIDER_THREAT,NDR,BANK-X-AST-0014,2026-08-24 15:05:46,2026-08-24 15:30:46,2026-08-25 14:31:46,CLOSED
BANK-X,BANK-X-ALT-00165,Unauthorized Access activity detected,Automated UNAUTHORIZED_ACCESS alert on asset BANK-X-AST-0045,MEDIUM,UNAUTHORIZED_ACCESS,EDR,BANK-X-AST-0045,2026-07-30 15:26:40,2026-07-30 15:47:40,2026-07-30 20:26:40,CLOSED
BANK-X,BANK-X-ALT-00166,Config Change activity detected,Automated CONFIG_CHANGE alert on asset BANK-X-AST-0015,LOW,CONFIG_CHANGE,EDR,BANK-X-AST-0015,2026-08-11 19:11:37,2026-08-11 19:25:37,2026-08-11 20:59:37,CLOSED
BANK-X,BANK-X-ALT-00167,Policy Violation activity detected,Automated POLICY_VIOLATION alert on asset BANK-X-AST-0002,MEDIUM,POLICY_VIOLATION,SIEM,BANK-X-AST-0002,2026-09-04 01:47:07,2026-09-04 01:54:07,2026-09-04 10:46:07,CLOSED
BANK-X,BANK-X-ALT-00168,Policy Violation activity detected,Automated POLICY_VIOLATION alert on asset BANK-X-AST-0020,HIGH,POLICY_VIOLATION,SIEM,BANK-X-AST-0020,2026-08-02 07:01:27,2026-08-02 07:11:27,2026-08-02 10:46:27,CLOSED
BANK-X,BANK-X-ALT-00169,Dos activity detected,Automated DoS alert on asset BANK-X-AST-0043,LOW,DoS,NDR,BANK-X-AST-0043,2026-07-20 20:21:41,2026-07-20 20:35:41,2026-07-21 18:26:41,FALSE_POSITIVE
BANK-X,BANK-X-ALT-00170,Phishing activity detected,Automated PHISHING alert on asset BANK-X-AST-0003,INFO,PHISHING,WAF,BANK-X-AST-0003,2026-07-25 15:00:08,2026-07-25 15:29:08,2026-07-26 11:17:08,CLOSED
BANK-X,BANK-X-ALT-00171,Dos activity detected,Automated DoS alert on asset BANK-X-AST-0038,HIGH,DoS,WAF,BANK-X-AST-0038,2026-09-10 20:36:12,2026-09-10 21:01:12,2026-09-11 01:25:12,CLOSED
BANK-X,BANK-X-ALT-00172,Phishing activity detected,Automated PHISHING alert on asset BANK-X-AST-0041,MEDIUM,PHISHING,EDR,BANK-X-AST-0041,2026-09-29 09:19:44,2026-09-29 09:45:44,2026-09-29 11:33:44,FALSE_POSITIVE
BANK-X,BANK-X-ALT-00173,Unauthorized Access activity detected,Automated UNAUTHORIZED_ACCESS alert on asset BANK-X-AST-0030,HIGH,UNAUTHORIZED_ACCESS,EDR,BANK-X-AST-0030,2026-08-20 16:39:02,2026-08-20 17:09:02,2026-08-20 20:29:02,CLOSED
BANK-X,BANK-X-ALT-00174,Insider Threat activity detected,Automated INSIDER_THREAT alert on asset BANK-X-AST-0026,HIGH,INSIDER_THREAT,SIEM,BANK-X-AST-0026,2026-07-09 10:15:28,2026-07-09 10:27:28,2026-07-09 11:29:28,CLOSED
BANK-X,BANK-X-ALT-00175,Policy Violation activity detected,Automated POLICY_VIOLATION alert on asset BANK-X-AST-0046,MEDIUM,POLICY_VIOLATION,NDR,BANK-X-AST-0046,2026-09-17 15:16:00,2026-09-17 15:29:00,2026-09-18 08:16:00,CLOSED
BANK-X,BANK-X-ALT-00176,Insider Threat activity detected,Automated INSIDER_THREAT alert on asset BANK-X-AST-0025,MEDIUM,INSIDER_THREAT,WAF,BANK-X-AST-0025,2026-08-23 16:00:57,2026-08-23 16:23:57,2026-08-24 00:46:57,CLOSED
BANK-X,BANK-X-ALT-00177,Insider Threat activity detected,Automated INSIDER_THREAT alert on asset BANK-X-AST-0003,LOW,INSIDER_THREAT,WAF,BANK-X-AST-0003,2026-07-03 23:07:21,2026-07-03 23:37:21,2026-07-04 19:27:21,CLOSED
BANK-X,BANK-X-ALT-00178,Dos activity detected,Automated DoS alert on asset BANK-X-AST-0001,LOW,DoS,NDR,BANK-X-AST-0001,2026-07-15 07:40:49,2026-07-15 07:59:49,2026-07-15 11:29:49,CLOSED
BANK-X,BANK-X-ALT-00179,Data Exfiltration activity detected,Automated DATA_EXFILTRATION alert on asset BANK-X-AST-0010,HIGH,DATA_EXFILTRATION,WAF,BANK-X-AST-0010,2026-08-04 13:49:55,2026-08-04 13:54:55,2026-08-04 16:57:55,CLOSED
BANK-X,BANK-X-ALT-00180,Unauthorized Access activity detected,Automated UNAUTHORIZED_ACCESS alert on asset BANK-X-AST-0016,HIGH,UNAUTHORIZED_ACCESS,NDR,BANK-X-AST-0016,2026-08-31 03:53:32,2026-08-31 03:55:32,2026-08-31 05:50:32,CLOSED
BANK-X,BANK-X-ALT-00181,Dos activity detected,Automated DoS alert on asset BANK-X-AST-0014,MEDIUM,DoS,SIEM,BANK-X-AST-0014,2026-07-22 06:49:22,2026-07-22 06:50:22,2026-07-22 20:39:22,CLOSED
BANK-X,BANK-X-ALT-00182,Config Change activity detected,Automated CONFIG_CHANGE alert on asset BANK-X-AST-0043,HIGH,CONFIG_CHANGE,NDR,BANK-X-AST-0043,2026-08-28 14:25:09,2026-08-28 14:43:09,2026-08-28 17:51:09,CLOSED
BANK-X,BANK-X-ALT-00183,Unauthorized Access activity detected,Automated UNAUTHORIZED_ACCESS alert on asset BANK-X-AST-0025,LOW,UNAUTHORIZED_ACCESS,EDR,BANK-X-AST-0025,2026-07-08 02:27:50,2026-07-08 02:30:50,2026-07-08 16:38:50,FALSE_POSITIVE
BANK-X,BANK-X-ALT-00184,Phishing activity detected,Automated PHISHING alert on asset BANK-X-AST-0015,MEDIUM,PHISHING,NDR,BANK-X-AST-0015,2026-09-26 14:49:27,2026-09-26 14:56:27,2026-09-27 11:46:27,CLOSED
BANK-X,BANK-X-ALT-00185,Malware activity detected,Automated MALWARE alert on asset BANK-X-AST-0039,HIGH,MALWARE,NDR,BANK-X-AST-0039,2026-07-12 16:54:44,2026-07-12 17:24:44,2026-07-12 19:13:44,FALSE_POSITIVE
BANK-X,BANK-X-ALT-00186,Config Change activity detected,Automated CONFIG_CHANGE alert on asset BANK-X-AST-0021,LOW,CONFIG_CHANGE,EDR,BANK-X-AST-0021,2026-08-28 06:15:28,2026-08-28 06:30:28,2026-08-28 21:58:28,CLOSED
BANK-X,BANK-X-ALT-00187,Insider Threat activity detected,Automated INSIDER_THREAT alert on asset BANK-X-AST-0026,HIGH,INSIDER_THREAT,WAF,BANK-X-AST-0026,2026-08-03 02:29:26,2026-08-03 02:34:26,2026-08-03 07:05:26,CLOSED
BANK-X,BANK-X-ALT-00188,Dos activity detected,Automated DoS alert on asset BANK-X-AST-0026,HIGH,DoS,SIEM,BANK-X-AST-0026,2026-07-27 23:07:16,2026-07-27 23:33:16,2026-07-28 01:33:16,FALSE_POSITIVE
BANK-X,BANK-X-ALT-00189,Malware activity detected,Automated MALWARE alert on asset BANK-X-AST-0008,LOW,MALWARE,NDR,BANK-X-AST-0008,2026-07-15 04:52:58,2026-07-15 05:08:58,2026-07-16 00:33:58,CLOSED
BANK-X,BANK-X-ALT-00190,Phishing activity detected,Automated PHISHING alert on asset BANK-X-AST-0031,MEDIUM,PHISHING,NDR,BANK-X-AST-0031,2026-08-02 08:31:02,2026-08-02 08:44:02,2026-08-02 15:13:02,CLOSED
BANK-X,BANK-X-ALT-00191,Config Change activity detected,Automated CONFIG_CHANGE alert on asset BANK-X-AST-0034,LOW,CONFIG_CHANGE,WAF,BANK-X-AST-0034,2026-07-17 23:15:32,2026-07-17 23:40:32,2026-07-18 13:09:32,CLOSED
BANK-X,BANK-X-ALT-00192,Data Exfiltration activity detected,Automated DATA_EXFILTRATION alert on asset BANK-X-AST-0010,LOW,DATA_EXFILTRATION,EDR,BANK-X-AST-0010,2026-09-27 02:38:45,2026-09-27 02:46:45,2026-09-27 08:09:45,CLOSED
BANK-X,BANK-X-ALT-00193,Config Change activity detected,Automated CONFIG_CHANGE alert on asset BANK-X-AST-0021,CRITICAL,CONFIG_CHANGE,SIEM,BANK-X-AST-0021,2026-07-30 04:58:59,2026-07-30 05:10:59,2026-07-30 06:22:59,CLOSED
BANK-X,BANK-X-ALT-00194,Policy Violation activity detected,Automated POLICY_VIOLATION alert on asset BANK-X-AST-0018,MEDIUM,POLICY_VIOLATION,WAF,BANK-X-AST-0018,2026-09-18 15:40:15,2026-09-18 15:41:15,2026-09-19 11:48:15,FALSE_POSITIVE
BANK-X,BANK-X-ALT-00195,Insider Threat activity detected,Automated INSIDER_THREAT alert on asset BANK-X-AST-0041,MEDIUM,INSIDER_THREAT,EDR,BANK-X-AST-0041,2026-07-04 10:28:43,2026-07-04 10:45:43,2026-07-04 13:17:43,CLOSED
BANK-X,BANK-X-ALT-00196,Config Change activity detected,Automated CONFIG_CHANGE alert on asset BANK-X-AST-0001,LOW,CONFIG_CHANGE,EDR,BANK-X-AST-0001,2026-07-31 21:08:17,2026-07-31 21:27:17,2026-08-01 10:09:17,CLOSED
BANK-X,BANK-X-ALT-00197,Malware activity detected,Automated MALWARE alert on asset BANK-X-AST-0006,LOW,MALWARE,NDR,BANK-X-AST-0006,2026-09-10 01:04:44,2026-09-10 01:27:44,2026-09-10 12:44:44,CLOSED
BANK-X,BANK-X-ALT-00198,Config Change activity detected,Automated CONFIG_CHANGE alert on asset BANK-X-AST-0045,MEDIUM,CONFIG_CHANGE,SIEM,BANK-X-AST-0045,2026-08-09 00:20:15,2026-08-09 00:31:15,2026-08-09 12:35:15,CLOSED
BANK-X,BANK-X-ALT-00199,Malware activity detected,Automated MALWARE alert on asset BANK-X-AST-0019,MEDIUM,MALWARE,WAF,BANK-X-AST-0019,2026-09-12 10:35:57,2026-09-12 10:43:57,2026-09-12 21:46:57,CLOSED
BANK-X,BANK-X-ALT-00200,Malware activity detected,Automated MALWARE alert on asset BANK-X-AST-0040,LOW,MALWARE,WAF,BANK-X-AST-0040,2026-07-08 02:46:18,2026-07-08 02:49:18,2026-07-08 05:16:18,FALSE_POSITIVE
BANK-X,BANK-X-ALT-00201,Data Exfiltration activity detected,Automated DATA_EXFILTRATION alert on asset BANK-X-AST-0025,MEDIUM,DATA_EXFILTRATION,WAF,BANK-X-AST-0025,2026-09-20 19:31:35,2026-09-20 19:53:35,2026-09-21 01:13:35,CLOSED
BANK-X,BANK-X-ALT-00202,Phishing activity detected,Automated PHISHING alert on asset BANK-X-AST-0012,LOW,PHISHING,SIEM,BANK-X-AST-0012,2026-09-13 01:35:32,2026-09-13 01:58:32,2026-09-13 08:41:32,CLOSED
BANK-X,BANK-X-ALT-00203,Config Change activity detected,Automated CONFIG_CHANGE alert on asset BANK-X-AST-0046,MEDIUM,CONFIG_CHANGE,WAF,BANK-X-AST-0046,2026-08-27 20:05:50,2026-08-27 20:11:50,2026-08-28 14:15:50,CLOSED
BANK-X,BANK-X-ALT-00204,Config Change activity detected,Automated CONFIG_CHANGE alert on asset BANK-X-AST-0001,INFO,CONFIG_CHANGE,SIEM,BANK-X-AST-0001,2026-07-09 23:21:52,2026-07-09 23:36:52,2026-07-10 03:07:52,CLOSED
BANK-X,BANK-X-ALT-00205,Config Change activity detected,Automated CONFIG_CHANGE alert on asset BANK-X-AST-0008,HIGH,CONFIG_CHANGE,SIEM,BANK-X-AST-0008,2026-07-05 15:56:41,2026-07-05 16:03:41,2026-07-05 18:16:41,CLOSED
BANK-X,BANK-X-ALT-00206,Config Change activity detected,Automated CONFIG_CHANGE alert on asset BANK-X-AST-0039,CRITICAL,CONFIG_CHANGE,NDR,BANK-X-AST-0039,2026-09-23 05:12:09,2026-09-23 05:24:09,2026-09-23 07:24:09,CLOSED
BANK-X,BANK-X-ALT-00207,Config Change activity detected,Automated CONFIG_CHANGE alert on asset BANK-X-AST-0029,HIGH,CONFIG_CHANGE,WAF,BANK-X-AST-0029,2026-09-07 10:00:33,2026-09-07 10:05:33,2026-09-07 13:47:33,CLOSED
BANK-X,BANK-X-ALT-00208,Config Change activity detected,Automated CONFIG_CHANGE alert on asset BANK-X-AST-0023,HIGH,CONFIG_CHANGE,EDR,BANK-X-AST-0023,2026-08-28 16:51:28,2026-08-28 17:15:28,2026-08-28 20:24:28,FALSE_POSITIVE
BANK-X,BANK-X-ALT-00209,Insider Threat activity detected,Automated INSIDER_THREAT alert on asset BANK-X-AST-0019,LOW,INSIDER_THREAT,SIEM,BANK-X-AST-0019,2026-08-26 08:36:45,2026-08-26 09:00:45,2026-08-27 04:50:45,CLOSED
BANK-X,BANK-X-ALT-00210,Dos activity detected,Automated DoS alert on asset BANK-X-AST-0002,INFO,DoS,NDR,BANK-X-AST-0002,2026-07-10 18:23:53,2026-07-10 18:47:53,2026-07-11 15:40:53,CLOSED
BANK-X,BANK-X-ALT-00211,Config Change activity detected,Automated CONFIG_CHANGE alert on asset BANK-X-AST-0032,LOW,CONFIG_CHANGE,EDR,BANK-X-AST-0032,2026-07-16 22:04:49,2026-07-16 22:11:49,2026-07-17 02:19:49,CLOSED
BANK-X,BANK-X-ALT-00212,Data Exfiltration activity detected,Automated DATA_EXFILTRATION alert on asset BANK-X-AST-0009,MEDIUM,DATA_EXFILTRATION,NDR,BANK-X-AST-0009,2026-09-01 12:21:59,2026-09-01 12:25:59,2026-09-02 00:59:59,FALSE_POSITIVE
BANK-X,BANK-X-ALT-00213,Malware activity detected,Automated MALWARE alert on asset BANK-X-AST-0014,MEDIUM,MALWARE,SIEM,BANK-X-AST-0014,2026-08-04 21:54:04,2026-08-04 22:05:04,2026-08-05 04:47:04,CLOSED
BANK-X,BANK-X-ALT-00214,Config Change activity detected,Automated CONFIG_CHANGE alert on asset BANK-X-AST-0012,HIGH,CONFIG_CHANGE,SIEM,BANK-X-AST-0012,2026-09-04 03:11:32,2026-09-04 03:36:32,2026-09-04 05:00:32,CLOSED
BANK-X,BANK-X-ALT-00215,Phishing activity detected,Automated PHISHING alert on asset BANK-X-AST-0022,MEDIUM,PHISHING,WAF,BANK-X-AST-0022,2026-07-21 03:14:41,2026-07-21 03:42:41,2026-07-21 12:04:41,CLOSED
BANK-X,BANK-X-ALT-00216,Insider Threat activity detected,Automated INSIDER_THREAT alert on asset BANK-X-AST-0031,MEDIUM,INSIDER_THREAT,EDR,BANK-X-AST-0031,2026-08-25 18:35:02,2026-08-25 18:45:02,2026-08-26 13:40:02,CLOSED
BANK-X,BANK-X-ALT-00217,Malware activity detected,Automated MALWARE alert on asset BANK-X-AST-0010,LOW,MALWARE,SIEM,BANK-X-AST-0010,2026-09-28 17:22:11,2026-09-28 17:45:11,2026-09-29 07:40:11,CLOSED
BANK-X,BANK-X-ALT-00218,Unauthorized Access activity detected,Automated UNAUTHORIZED_ACCESS alert on asset BANK-X-AST-0045,MEDIUM,UNAUTHORIZED_ACCESS,EDR,BANK-X-AST-0045,2026-08-22 00:13:50,2026-08-22 00:26:50,2026-08-22 15:19:50,FALSE_POSITIVE
BANK-X,BANK-X-ALT-00219,Malware activity detected,Automated MALWARE alert on asset BANK-X-AST-0040,INFO,MALWARE,NDR,BANK-X-AST-0040,2026-08-28 22:58:00,2026-08-28 23:13:00,2026-08-29 21:34:00,CLOSED
BANK-X,BANK-X-ALT-00220,Policy Violation activity detected,Automated POLICY_VIOLATION alert on asset BANK-X-AST-0032,MEDIUM,POLICY_VIOLATION,SIEM,BANK-X-AST-0032,2026-09-10 07:03:54,2026-09-10 07:23:54,2026-09-10 22:47:54,CLOSED
BANK-X,BANK-X-ALT-00221,Dos activity detected,Automated DoS alert on asset BANK-X-AST-0001,HIGH,DoS,WAF,BANK-X-AST-0001,2026-08-14 20:40:03,2026-08-14 20:43:03,2026-08-14 22:02:03,CLOSED
BANK-X,BANK-X-ALT-00222,Phishing activity detected,Automated PHISHING alert on asset BANK-X-AST-0035,HIGH,PHISHING,NDR,BANK-X-AST-0035,2026-08-18 15:24:07,2026-08-18 15:25:07,2026-08-18 17:42:07,FALSE_POSITIVE
BANK-X,BANK-X-ALT-00223,Dos activity detected,Automated DoS alert on asset BANK-X-AST-0010,MEDIUM,DoS,NDR,BANK-X-AST-0010,2026-07-27 16:13:54,2026-07-27 16:22:54,2026-07-28 15:21:54,CLOSED
BANK-X,BANK-X-ALT-00224,Insider Threat activity detected,Automated INSIDER_THREAT alert on asset BANK-X-AST-0005,LOW,INSIDER_THREAT,NDR,BANK-X-AST-0005,2026-09-29 22:56:49,2026-09-29 22:59:49,2026-09-30 11:34:49,CLOSED
BANK-X,BANK-X-ALT-00225,Unauthorized Access activity detected,Automated UNAUTHORIZED_ACCESS alert on asset BANK-X-AST-0037,INFO,UNAUTHORIZED_ACCESS,EDR,BANK-X-AST-0037,2026-07-24 07:24:03,2026-07-24 07:47:03,2026-07-25 05:35:03,CLOSED
BANK-X,BANK-X-ALT-00226,Insider Threat activity detected,Automated INSIDER_THREAT alert on asset BANK-X-AST-0008,HIGH,INSIDER_THREAT,SIEM,BANK-X-AST-0008,2026-07-30 22:59:47,2026-07-30 23:16:47,2026-07-31 01:38:47,FALSE_POSITIVE
BANK-X,BANK-X-ALT-00227,Dos activity detected,Automated DoS alert on asset BANK-X-AST-0042,HIGH,DoS,WAF,BANK-X-AST-0042,2026-07-14 10:05:55,2026-07-14 10:13:55,2026-07-14 14:44:55,CLOSED
BANK-X,BANK-X-ALT-00228,Insider Threat activity detected,Automated INSIDER_THREAT alert on asset BANK-X-AST-0002,MEDIUM,INSIDER_THREAT,WAF,BANK-X-AST-0002,2026-07-29 13:37:39,2026-07-29 13:59:39,2026-07-30 03:15:39,CLOSED
BANK-X,BANK-X-ALT-00229,Data Exfiltration activity detected,Automated DATA_EXFILTRATION alert on asset BANK-X-AST-0018,INFO,DATA_EXFILTRATION,NDR,BANK-X-AST-0018,2026-09-08 06:47:34,2026-09-08 07:11:34,2026-09-08 14:57:34,CLOSED
BANK-X,BANK-X-ALT-00230,Insider Threat activity detected,Automated INSIDER_THREAT alert on asset BANK-X-AST-0042,LOW,INSIDER_THREAT,WAF,BANK-X-AST-0042,2026-08-08 20:25:35,2026-08-08 20:41:35,2026-08-09 14:53:35,CLOSED
BANK-X,BANK-X-ALT-00231,Policy Violation activity detected,Automated POLICY_VIOLATION alert on asset BANK-X-AST-0005,LOW,POLICY_VIOLATION,WAF,BANK-X-AST-0005,2026-07-25 16:06:19,2026-07-25 16:21:19,2026-07-26 05:06:19,FALSE_POSITIVE
BANK-X,BANK-X-ALT-00232,Data Exfiltration activity detected,Automated DATA_EXFILTRATION alert on asset BANK-X-AST-0018,MEDIUM,DATA_EXFILTRATION,NDR,BANK-X-AST-0018,2026-09-02 20:52:57,2026-09-02 21:01:57,2026-09-03 09:23:57,FALSE_POSITIVE
BANK-X,BANK-X-ALT-00233,Config Change activity detected,Automated CONFIG_CHANGE alert on asset BANK-X-AST-0033,MEDIUM,CONFIG_CHANGE,EDR,BANK-X-AST-0033,2026-09-09 02:22:51,2026-09-09 02:41:51,2026-09-09 04:43:51,CLOSED
BANK-X,BANK-X-ALT-00234,Config Change activity detected,Automated CONFIG_CHANGE alert on asset BANK-X-AST-0019,HIGH,CONFIG_CHANGE,EDR,BANK-X-AST-0019,2026-09-17 09:26:35,2026-09-17 09:56:35,2026-09-17 14:22:35,CLOSED
BANK-X,BANK-X-ALT-00235,Unauthorized Access activity detected,Automated UNAUTHORIZED_ACCESS alert on asset BANK-X-AST-0013,MEDIUM,UNAUTHORIZED_ACCESS,EDR,BANK-X-AST-0013,2026-09-12 00:08:42,2026-09-12 00:18:42,2026-09-12 17:28:42,CLOSED
BANK-X,BANK-X-ALT-00236,Malware activity detected,Automated MALWARE alert on asset BANK-X-AST-0003,HIGH,MALWARE,WAF,BANK-X-AST-0003,2026-07-25 21:26:20,2026-07-25 21:27:20,2026-07-26 00:39:20,CLOSED
BANK-X,BANK-X-ALT-00237,Malware activity detected,Automated MALWARE alert on asset BANK-X-AST-0024,HIGH,MALWARE,NDR,BANK-X-AST-0024,2026-09-12 21:22:24,2026-09-12 21:34:24,2026-09-12 23:25:24,CLOSED
BANK-X,BANK-X-ALT-00238,Policy Violation activity detected,Automated POLICY_VIOLATION alert on asset BANK-X-AST-0032,HIGH,POLICY_VIOLATION,EDR,BANK-X-AST-0032,2026-07-24 02:55:18,2026-07-24 02:56:18,2026-07-24 03:54:18,CLOSED
BANK-X,BANK-X-ALT-00239,Data Exfiltration activity detected,Automated DATA_EXFILTRATION alert on asset BANK-X-AST-0006,LOW,DATA_EXFILTRATION,EDR,BANK-X-AST-0006,2026-09-19 16:12:57,2026-09-19 16:37:57,2026-09-20 05:13:57,CLOSED
BANK-X,BANK-X-ALT-00240,Unauthorized Access activity detected,Automated UNAUTHORIZED_ACCESS alert on asset BANK-X-AST-0010,LOW,UNAUTHORIZED_ACCESS,SIEM,BANK-X-AST-0010,2026-08-31 14:49:27,2026-08-31 15:16:27,2026-08-31 22:16:27,CLOSED
BANK-X,BANK-X-ALT-00241,Dos activity detected,Automated DoS alert on asset BANK-X-AST-0027,HIGH,DoS,WAF,BANK-X-AST-0027,2026-09-28 23:43:50,2026-09-29 00:01:50,2026-09-29 01:11:50,CLOSED
BANK-X,BANK-X-ALT-00242,Insider Threat activity detected,Automated INSIDER_THREAT alert on asset BANK-X-AST-0009,HIGH,INSIDER_THREAT,WAF,BANK-X-AST-0009,2026-07-26 19:16:19,2026-07-26 19:17:19,2026-07-26 22:19:19,CLOSED
BANK-X,BANK-X-ALT-00243,Phishing activity detected,Automated PHISHING alert on asset BANK-X-AST-0036,LOW,PHISHING,WAF,BANK-X-AST-0036,2026-07-13 18:46:45,2026-07-13 18:48:45,2026-07-14 07:00:45,CLOSED
BANK-X,BANK-X-ALT-00244,Phishing activity detected,Automated PHISHING alert on asset BANK-X-AST-0018,LOW,PHISHING,NDR,BANK-X-AST-0018,2026-09-17 17:23:31,2026-09-17 17:31:31,2026-09-18 11:22:31,CLOSED
BANK-X,BANK-X-ALT-00245,Unauthorized Access activity detected,Automated UNAUTHORIZED_ACCESS alert on asset BANK-X-AST-0014,LOW,UNAUTHORIZED_ACCESS,SIEM,BANK-X-AST-0014,2026-09-24 06:13:47,2026-09-24 06:42:47,2026-09-25 05:47:47,CLOSED
BANK-X,BANK-X-ALT-00246,Phishing activity detected,Automated PHISHING alert on asset BANK-X-AST-0043,HIGH,PHISHING,SIEM,BANK-X-AST-0043,2026-07-30 02:17:35,2026-07-30 02:42:35,2026-07-30 06:51:35,FALSE_POSITIVE
BANK-X,BANK-X-ALT-00247,Phishing activity detected,Automated PHISHING alert on asset BANK-X-AST-0002,INFO,PHISHING,EDR,BANK-X-AST-0002,2026-07-04 05:44:35,2026-07-04 05:54:35,2026-07-04 18:32:35,FALSE_POSITIVE
BANK-X,BANK-X-ALT-00248,Dos activity detected,Automated DoS alert on asset BANK-X-AST-0032,MEDIUM,DoS,EDR,BANK-X-AST-0032,2026-07-27 06:32:22,2026-07-27 06:50:22,2026-07-28 02:39:22,CLOSED
BANK-X,BANK-X-ALT-00249,Phishing activity detected,Automated PHISHING alert on asset BANK-X-AST-0033,INFO,PHISHING,NDR,BANK-X-AST-0033,2026-09-04 20:40:31,2026-09-04 20:51:31,2026-09-05 00:03:31,CLOSED
BANK-X,BANK-X-ALT-00250,Config Change activity detected,Automated CONFIG_CHANGE alert on asset BANK-X-AST-0015,MEDIUM,CONFIG_CHANGE,SIEM,BANK-X-AST-0015,2026-09-26 08:08:02,2026-09-26 08:17:02,2026-09-27 06:17:02,FALSE_POSITIVE
BANK-X,BANK-X-ALT-00251,Data Exfiltration activity detected,Automated DATA_EXFILTRATION alert on asset BANK-X-AST-0021,HIGH,DATA_EXFILTRATION,WAF,BANK-X-AST-0021,2026-09-15 00:42:04,2026-09-15 00:54:04,2026-09-15 01:44:04,CLOSED
BANK-X,BANK-X-ALT-00252,Policy Violation activity detected,Automated POLICY_VIOLATION alert on asset BANK-X-AST-0026,HIGH,POLICY_VIOLATION,NDR,BANK-X-AST-0026,2026-08-21 19:31:08,2026-08-21 19:44:08,2026-08-21 22:43:08,CLOSED
BANK-X,BANK-X-ALT-00253,Insider Threat activity detected,Automated INSIDER_THREAT alert on asset BANK-X-AST-0015,INFO,INSIDER_THREAT,SIEM,BANK-X-AST-0015,2026-08-01 23:24:52,2026-08-01 23:37:52,2026-08-02 21:57:52,FALSE_POSITIVE
BANK-X,BANK-X-ALT-00254,Policy Violation activity detected,Automated POLICY_VIOLATION alert on asset BANK-X-AST-0008,HIGH,POLICY_VIOLATION,SIEM,BANK-X-AST-0008,2026-09-10 09:30:57,2026-09-10 09:45:57,2026-09-10 13:53:57,CLOSED
BANK-X,BANK-X-ALT-00255,Policy Violation activity detected,Automated POLICY_VIOLATION alert on asset BANK-X-AST-0041,HIGH,POLICY_VIOLATION,NDR,BANK-X-AST-0041,2026-07-25 05:42:52,2026-07-25 06:05:52,2026-07-25 06:27:52,CLOSED
BANK-X,BANK-X-ALT-00256,Insider Threat activity detected,Automated INSIDER_THREAT alert on asset BANK-X-AST-0022,INFO,INSIDER_THREAT,NDR,BANK-X-AST-0022,2026-09-20 20:07:28,2026-09-20 20:16:28,2026-09-21 11:26:28,CLOSED
BANK-X,BANK-X-ALT-00257,Dos activity detected,Automated DoS alert on asset BANK-X-AST-0023,HIGH,DoS,WAF,BANK-X-AST-0023,2026-08-09 12:57:16,2026-08-09 13:18:16,2026-08-09 16:12:16,CLOSED
BANK-X,BANK-X-ALT-00258,Data Exfiltration activity detected,Automated DATA_EXFILTRATION alert on asset BANK-X-AST-0037,HIGH,DATA_EXFILTRATION,WAF,BANK-X-AST-0037,2026-09-25 02:04:09,2026-09-25 02:15:09,2026-09-25 02:55:09,CLOSED
BANK-X,BANK-X-ALT-00259,Data Exfiltration activity detected,Automated DATA_EXFILTRATION alert on asset BANK-X-AST-0003,LOW,DATA_EXFILTRATION,NDR,BANK-X-AST-0003,2026-08-08 00:37:54,2026-08-08 01:07:54,2026-08-08 06:31:54,FALSE_POSITIVE
BANK-X,BANK-X-ALT-00260,Config Change activity detected,Automated CONFIG_CHANGE alert on asset BANK-X-AST-0028,LOW,CONFIG_CHANGE,WAF,BANK-X-AST-0028,2026-08-29 01:41:25,2026-08-29 02:05:25,2026-08-29 22:11:25,CLOSED
BANK-X,BANK-X-ALT-00261,Config Change activity detected,Automated CONFIG_CHANGE alert on asset BANK-X-AST-0011,LOW,CONFIG_CHANGE,EDR,BANK-X-AST-0011,2026-08-03 23:48:21,2026-08-03 23:59:21,2026-08-04 15:19:21,FALSE_POSITIVE
BANK-X,BANK-X-ALT-00262,Phishing activity detected,Automated PHISHING alert on asset BANK-X-AST-0031,CRITICAL,PHISHING,SIEM,BANK-X-AST-0031,2026-07-07 04:28:15,2026-07-07 04:37:15,2026-07-07 05:31:15,FALSE_POSITIVE
BANK-X,BANK-X-ALT-00263,Unauthorized Access activity detected,Automated UNAUTHORIZED_ACCESS alert on asset BANK-X-AST-0018,MEDIUM,UNAUTHORIZED_ACCESS,WAF,BANK-X-AST-0018,2026-09-18 10:49:31,2026-09-18 11:13:31,2026-09-19 10:12:31,CLOSED
BANK-X,BANK-X-ALT-00264,Data Exfiltration activity detected,Automated DATA_EXFILTRATION alert on asset BANK-X-AST-0038,LOW,DATA_EXFILTRATION,SIEM,BANK-X-AST-0038,2026-07-02 06:13:49,2026-07-02 06:30:49,2026-07-02 19:56:49,CLOSED
BANK-X,BANK-X-ALT-00265,Insider Threat activity detected,Automated INSIDER_THREAT alert on asset BANK-X-AST-0016,MEDIUM,INSIDER_THREAT,SIEM,BANK-X-AST-0016,2026-07-22 11:37:52,2026-07-22 11:55:52,2026-07-22 19:24:52,FALSE_POSITIVE
BANK-X,BANK-X-ALT-00266,Policy Violation activity detected,Automated POLICY_VIOLATION alert on asset BANK-X-AST-0026,MEDIUM,POLICY_VIOLATION,NDR,BANK-X-AST-0026,2026-08-28 17:53:25,2026-08-28 17:59:25,2026-08-29 17:43:25,CLOSED
BANK-X,BANK-X-ALT-00267,Dos activity detected,Automated DoS alert on asset BANK-X-AST-0010,MEDIUM,DoS,EDR,BANK-X-AST-0010,2026-07-20 13:45:49,2026-07-20 14:00:49,2026-07-20 19:32:49,CLOSED
BANK-X,BANK-X-ALT-00268,Insider Threat activity detected,Automated INSIDER_THREAT alert on asset BANK-X-AST-0027,MEDIUM,INSIDER_THREAT,EDR,BANK-X-AST-0027,2026-08-28 00:15:11,2026-08-28 00:22:11,2026-08-28 14:25:11,CLOSED
BANK-X,BANK-X-ALT-00269,Insider Threat activity detected,Automated INSIDER_THREAT alert on asset BANK-X-AST-0026,MEDIUM,INSIDER_THREAT,WAF,BANK-X-AST-0026,2026-08-31 15:28:57,2026-08-31 15:43:57,2026-09-01 12:23:57,CLOSED
BANK-X,BANK-X-ALT-00270,Malware activity detected,Automated MALWARE alert on asset BANK-X-AST-0044,INFO,MALWARE,NDR,BANK-X-AST-0044,2026-07-31 06:45:24,2026-07-31 06:50:24,2026-08-01 05:14:24,CLOSED
BANK-X,BANK-X-ALT-00271,Config Change activity detected,Automated CONFIG_CHANGE alert on asset BANK-X-AST-0026,INFO,CONFIG_CHANGE,NDR,BANK-X-AST-0026,2026-07-26 20:32:20,2026-07-26 20:54:20,2026-07-27 02:23:20,FALSE_POSITIVE
BANK-X,BANK-X-ALT-00272,Data Exfiltration activity detected,Automated DATA_EXFILTRATION alert on asset BANK-X-AST-0021,MEDIUM,DATA_EXFILTRATION,EDR,BANK-X-AST-0021,2026-07-16 19:43:43,2026-07-16 19:51:43,2026-07-16 20:46:43,CLOSED
BANK-X,BANK-X-ALT-00273,Insider Threat activity detected,Automated INSIDER_THREAT alert on asset BANK-X-AST-0040,LOW,INSIDER_THREAT,NDR,BANK-X-AST-0040,2026-09-07 05:02:20,2026-09-07 05:26:20,2026-09-07 07:45:20,CLOSED
BANK-X,BANK-X-ALT-00274,Unauthorized Access activity detected,Automated UNAUTHORIZED_ACCESS alert on asset BANK-X-AST-0030,INFO,UNAUTHORIZED_ACCESS,NDR,BANK-X-AST-0030,2026-07-10 20:15:41,2026-07-10 20:42:41,2026-07-10 23:44:41,FALSE_POSITIVE
BANK-X,BANK-X-ALT-00275,Policy Violation activity detected,Automated POLICY_VIOLATION alert on asset BANK-X-AST-0040,LOW,POLICY_VIOLATION,SIEM,BANK-X-AST-0040,2026-07-17 11:20:22,2026-07-17 11:38:22,2026-07-18 07:18:22,CLOSED
BANK-X,BANK-X-ALT-00276,Malware activity detected,Automated MALWARE alert on asset BANK-X-AST-0010,LOW,MALWARE,EDR,BANK-X-AST-0010,2026-08-10 09:12:15,2026-08-10 09:37:15,2026-08-11 04:25:15,FALSE_POSITIVE
BANK-X,BANK-X-ALT-00277,Dos activity detected,Automated DoS alert on asset BANK-X-AST-0030,LOW,DoS,SIEM,BANK-X-AST-0030,2026-09-14 10:04:20,2026-09-14 10:26:20,2026-09-14 11:11:20,FALSE_POSITIVE
BANK-X,BANK-X-ALT-00278,Data Exfiltration activity detected,Automated DATA_EXFILTRATION alert on asset BANK-X-AST-0020,MEDIUM,DATA_EXFILTRATION,SIEM,BANK-X-AST-0020,2026-08-07 00:05:34,2026-08-07 00:32:34,2026-08-07 16:57:34,CLOSED
BANK-X,BANK-X-ALT-00279,Malware activity detected,Automated MALWARE alert on asset BANK-X-AST-0002,MEDIUM,MALWARE,SIEM,BANK-X-AST-0002,2026-09-06 00:44:06,2026-09-06 00:48:06,2026-09-06 12:58:06,CLOSED
BANK-X,BANK-X-ALT-00280,Unauthorized Access activity detected,Automated UNAUTHORIZED_ACCESS alert on asset BANK-X-AST-0006,LOW,UNAUTHORIZED_ACCESS,EDR,BANK-X-AST-0006,2026-08-26 04:06:39,2026-08-26 04:32:39,2026-08-27 01:07:39,CLOSED
