entity_code,case_external_id,escalated_at,escalated_to,level,reason,acknowledged_at
GRID-M,GRID-M-CASE-00215,2026-08-04 02:37:36,SOC-Lead,1,Critical severity alert requiring senior review,2026-08-04 03:00:36
GRID-M,GRID-M-CASE-00216,2026-08-02 21:28:10,SOC-Lead,1,Critical severity alert requiring senior review,2026-08-02 21:44:10
GRID-M,GRID-M-CASE-00217,2026-07-03 03:06:21,IR-Team,1,Critical severity alert requiring senior review,2026-07-03 03:28:21
GRID-M,GRID-M-CASE-00218,2026-08-15 06:30:54,IR-Team,2,Critical severity alert requiring senior review,2026-08-15 06:53:54
GRID-M,GRID-M-CASE-00219,2026-07-27 03:55:15,IR-Team,1,Critical severity alert requiring senior review,2026-07-27 04:30:15
GRID-M,GRID-M-CASE-00220,2026-08-08 11:40:37,CISO-Office,1,Critical severity alert requiring senior review,2026-08-08 12:06:37
GRID-M,GRID-M-CASE-00230,2026-08-31 10:14:47,IR-Team,2,Critical severity alert requiring senior review,2026-08-31 10:33:47
GRID-M,GRID-M-CASE-00231,2026-07-14 01:48:00,SOC-Lead,1,Critical severity alert requiring senior review,2026-07-14 02:22:00
GRID-M,GRID-M-CASE-00233,2026-07-26 20:47:09,SOC-Lead,1,Critical severity alert requiring senior review,2026-07-26 21:01:09
GRID-M,GRID-M-CASE-00234,2026-09-04 14:06:10,CISO-Office,1,Critical severity alert requiring senior review,2026-09-04 15:03:10
