entity_code,case_external_id,investigator,started_at,ended_at,summary,evidence_notes,artifacts_count,content_hash
BANK-A,BANK-A-CASE-00001,analyst04,2026-08-10 19:22:45,2026-08-10 23:50:45,"Investigated Data Exfiltration activity detected. Analyst analyst04 reviewed log sources, verified no lateral movement, and documented remediation actions.","Logs, PCAP, EDR timeline",4,f8a486967c794b58648ced16b21414112c329a715fe876ec5517c8130b8aa33d
BANK-A,BANK-A-CASE-00002,analyst08,2026-09-01 00:02:38,2026-09-01 03:52:38,"Investigated Unauthorized Access activity detected. Analyst analyst08 reviewed log sources, verified no lateral movement, and documented remediation actions.","Logs, PCAP, EDR timeline",7,0e90c7597da829d934b003acec3e6e3ae37029e08b49d5930b3c756cbb6c79e2
BANK-A,BANK-A-CASE-00003,analyst05,2026-08-04 21:16:03,2026-08-04 21:29:03,"Investigated Data Exfiltration activity detected. Analyst analyst05 reviewed log sources, verified no lateral movement, and documented remediation actions.","Logs, PCAP, EDR timeline",6,84b7debefdfb2da41c58e2ae287238400d63583891cc658a10d492109b53b633
BANK-A,BANK-A-CASE-00004,analyst03,2026-08-02 06:48:49,2026-08-02 11:26:49,"Investigated Data Exfiltration activity detected. Analyst analyst03 reviewed log sources, verified no lateral movement, and documented remediation actions.","Logs, PCAP, EDR timeline",7,bdf554278b89cb0207baf26efe0e5df730c27d17f2c398769d9896f039dd964c
BANK-A,BANK-A-CASE-00005,analyst03,2026-09-11 23:46:43,2026-09-12 04:02:43,"Investigated Data Exfiltration activity detected. Analyst analyst03 reviewed log sources, verified no lateral movement, and documented remediation actions.","Logs, PCAP, EDR timeline",5,bdf554278b89cb0207baf26efe0e5df730c27d17f2c398769d9896f039dd964c
BANK-A,BANK-A-CASE-00006,analyst07,2026-08-31 04:52:59,2026-08-31 06:48:59,"Investigated Dos activity detected. Analyst analyst07 reviewed log sources, verified no lateral movement, and documented remediation actions.","Logs, PCAP, EDR timeline",7,5558093bd17ff891976f67fe78ea68b61984d7eeeef5d5400679fca9cb4d720b
BANK-A,BANK-A-CASE-00007,analyst01,2026-09-16 03:33:55,2026-09-16 03:52:55,"Investigated Malware activity detected. Analyst analyst01 reviewed log sources, verified no lateral movement, and documented remediation actions.","Logs, PCAP, EDR timeline",6,95a0121f7ba4b956469ef489815c5952d3cedc73254a013cdf15b25ba947cb67
BANK-A,BANK-A-CASE-00009,analyst01,2026-08-03 11:03:37,2026-08-03 13:00:37,"Investigated Insider Threat activity detected. Analyst analyst01 reviewed log sources, verified no lateral movement, and documented remediation actions.","Logs, PCAP, EDR timeline",2,ce067cd5a0b7f55b4d282fe0a9292263d2d1ed18bce115e65490945b83aae36b
BANK-A,BANK-A-CASE-00010,analyst03,2026-07-08 09:17:44,2026-07-08 12:56:44,"Investigated Phishing activity detected. Analyst analyst03 reviewed log sources, verified no lateral movement, and documented remediation actions.","Logs, PCAP, EDR timeline",4,b0db8ada27c676fc7ca4437db4795a9412664332a76367216c9560f00bf08174
BANK-A,BANK-A-CASE-00011,analyst05,2026-07-26 14:28:32,2026-07-26 18:32:32,"Investigated Config Change activity detected. Analyst analyst05 reviewed log sources, verified no lateral movement, and documented remediation actions.","Logs, PCAP, EDR timeline",1,3205b01d3c1c3b4a7e5cf9ae43cb06061841872593b88514926758a68513e829
BANK-A,BANK-A-CASE-00012,analyst03,2026-09-04 12:54:47,2026-09-04 13:24:47,"Investigated Unauthorized Access activity detected. Analyst analyst03 reviewed log sources, verified no lateral movement, and documented remediation actions.","Logs, PCAP, EDR timeline",2,985160a3ef46e44a0923c92cf929e8bae1b3a828c0fc81dc341c652deb86e199
BANK-A,BANK-A-CASE-00013,analyst03,2026-08-21 18:24:57,2026-08-21 22:17:57,"Investigated Unauthorized Access activity detected. Analyst analyst03 reviewed log sources, verified no lateral movement, and documented remediation actions.","Logs, PCAP, EDR timeline",5,985160a3ef46e44a0923c92cf929e8bae1b3a828c0fc81dc341c652deb86e199
BANK-A,BANK-A-CASE-00014,analyst06,2026-07-09 13:12:00,2026-07-09 15:07:00,"Investigated Insider Threat activity detected. Analyst analyst06 reviewed log sources, verified no lateral movement, and documented remediation actions.","Logs, PCAP, EDR timeline",1,4545042b4999c243d9e5f707d84cbdb19367d028ed22ae4185a827edad54a07d
BANK-A,BANK-A-CASE-00015,analyst04,2026-08-22 13:25:20,2026-08-22 17:31:20,"Investigated Phishing activity detected. Analyst analyst04 reviewed log sources, verified no lateral movement, and documented remediation actions.","Logs, PCAP, EDR timeline",6,bcaa67f38ae9257f82d71e5005e9442af0fec7195a9b28a4618f2c4f27f40815
BANK-A,BANK-A-CASE-00016,analyst03,2026-09-13 16:01:52,2026-09-13 19:56:52,"Investigated Malware activity detected. Analyst analyst03 reviewed log sources, verified no lateral movement, and documented remediation actions.","Logs, PCAP, EDR timeline",3,700276472868e6c6071cd6a80e6fdf396190f7d67d274e6c94ed8cdf12e7a003
BANK-A,BANK-A-CASE-00017,analyst04,2026-09-26 06:55:44,2026-09-26 10:53:44,"Investigated Malware activity detected. Analyst analyst04 reviewed log sources, verified no lateral movement, and documented remediation actions.","Logs, PCAP, EDR timeline",6,be0946b861be1b28a89c84c1edbde223bbd33694522b6275d45a4bb0b6fd32fb
BANK-A,BANK-A-CASE-00019,analyst03,2026-07-30 13:19:08,2026-07-30 14:55:08,"Investigated Data Exfiltration activity detected. Analyst analyst03 reviewed log sources, verified no lateral movement, and documented remediation actions.","Logs, PCAP, EDR timeline",5,bdf554278b89cb0207baf26efe0e5df730c27d17f2c398769d9896f039dd964c
BANK-A,BANK-A-CASE-00021,analyst03,2026-07-22 18:24:05,2026-07-22 20:10:05,"Investigated Insider Threat activity detected. Analyst analyst03 reviewed log sources, verified no lateral movement, and documented remediation actions.","Logs, PCAP, EDR timeline",1,78cf720248c4076f627b178f746e1304b059319a732b097a0ff64257b6f17a5c
BANK-A,BANK-A-CASE-00024,analyst04,2026-08-30 00:38:06,2026-08-30 02:22:06,"Investigated Unauthorized Access activity detected. Analyst analyst04 reviewed log sources, verified no lateral movement, and documented remediation actions.","Logs, PCAP, EDR timeline",4,1fce71944f9bfd2c374da3e962be313c373f15f75279e9f9a7ee360c96ffa59f
BANK-A,BANK-A-CASE-00025,analyst02,2026-08-19 06:03:46,2026-08-19 08:34:46,"Investigated Config Change activity detected. Analyst analyst02 reviewed log sources, verified no lateral movement, and documented remediation actions.","Logs, PCAP, EDR timeline",7,8482a3f3b09e205cb34654fbd234413e0c07a8c4e1d68da61e0df0cf7d30d2c1
BANK-A,BANK-A-CASE-00026,analyst05,2026-08-27 10:04:30,2026-08-27 13:02:30,"Investigated Data Exfiltration activity detected. Analyst analyst05 reviewed log sources, verified no lateral movement, and documented remediation actions.","Logs, PCAP, EDR timeline",5,84b7debefdfb2da41c58e2ae287238400d63583891cc658a10d492109b53b633
BANK-A,BANK-A-CASE-00027,analyst06,2026-08-07 22:36:55,2026-08-08 00:03:55,"Investigated Unauthorized Access activity detected. Analyst analyst06 reviewed log sources, verified no lateral movement, and documented remediation actions.","Logs, PCAP, EDR timeline",3,e0427822b8673243ed3f0387d1c2334cedcf8fa91d3f47a77ab5a96415cb69d6
BANK-A,BANK-A-CASE-00028,analyst08,2026-08-21 19:07:30,2026-08-21 22:59:30,"Investigated Config Change activity detected. Analyst analyst08 reviewed log sources, verified no lateral movement, and documented remediation actions.","Logs, PCAP, EDR timeline",8,52fdcb64e1ad257184b123884c313146eb0c3e8be8e7a867f5695924d91c22ce
BANK-A,BANK-A-CASE-00029,analyst03,2026-09-24 20:55:28,2026-09-24 22:57:28,"Investigated Unauthorized Access activity detected. Analyst analyst03 reviewed log sources, verified no lateral movement, and documented remediation actions.","Logs, PCAP, EDR timeline",5,985160a3ef46e44a0923c92cf929e8bae1b3a828c0fc81dc341c652deb86e199
BANK-A,BANK-A-CASE-00030,analyst01,2026-08-15 02:41:22,2026-08-15 03:34:22,"Investigated Insider Threat activity detected. Analyst analyst01 reviewed log sources, verified no lateral movement, and documented remediation actions.","Logs, PCAP, EDR timeline",2,ce067cd5a0b7f55b4d282fe0a9292263d2d1ed18bce115e65490945b83aae36b
BANK-A,BANK-A-CASE-00033,analyst03,2026-08-09 02:52:04,2026-08-09 04:05:04,"Investigated Insider Threat activity detected. Analyst analyst03 reviewed log sources, verified no lateral movement, and documented remediation actions.","Logs, PCAP, EDR timeline",6,78cf720248c4076f627b178f746e1304b059319a732b097a0ff64257b6f17a5c
BANK-A,BANK-A-CASE-00034,analyst03,2026-09-16 15:59:09,2026-09-16 19:34:09,"Investigated Policy Violation activity detected. Analyst analyst03 reviewed log sources, verified no lateral movement, and documented remediation actions.","Logs, PCAP, EDR timeline",1,32e02e7e226f24ef25e0ec9d6c4c941d9bab0f9d7e8afab08235b29279f3f6a9
BANK-A,BANK-A-CASE-00036,analyst04,2026-08-07 14:50:29,2026-08-07 16:17:29,"Investigated Config Change activity detected. Analyst analyst04 reviewed log sources, verified no lateral movement, and documented remediation actions.","Logs, PCAP, EDR timeline",7,9eeaad90f9630dd6cba83320da6dbd122b908ef661d082858f5e31b207f47b9a
BANK-A,BANK-A-CASE-00038,analyst05,2026-08-09 12:19:35,2026-08-09 13:33:35,"Investigated Insider Threat activity detected. Analyst analyst05 reviewed log sources, verified no lateral movement, and documented remediation actions.","Logs, PCAP, EDR timeline",5,7146fd706cd69e6c0fa49b2042a491028102dd2754f9389771846455815a2df6
BANK-A,BANK-A-CASE-00040,analyst02,2026-09-26 05:12:11,2026-09-26 07:29:11,"Investigated Insider Threat activity detected. Analyst analyst02 reviewed log sources, verified no lateral movement, and documented remediation actions.","Logs, PCAP, EDR timeline",1,f370d8e20bd5356cbe7ba58c7a7faac9527a8c3daf651104f6c3c8da9f0eea9b
BANK-A,BANK-A-CASE-00041,analyst06,2026-09-11 23:45:01,2026-09-12 00:12:01,"Investigated Dos activity detected. Analyst analyst06 reviewed log sources, verified no lateral movement, and documented remediation actions.","Logs, PCAP, EDR timeline",6,2d2e95641676d55579b656e483f20e6bd6b3dce4d7f7000bbd75f0df574e4ebd
BANK-A,BANK-A-CASE-00042,analyst04,2026-08-04 07:47:52,2026-08-04 09:25:52,"Investigated Config Change activity detected. Analyst analyst04 reviewed log sources, verified no lateral movement, and documented remediation actions.","Logs, PCAP, EDR timeline",3,9eeaad90f9630dd6cba83320da6dbd122b908ef661d082858f5e31b207f47b9a
BANK-A,BANK-A-CASE-00043,analyst04,2026-08-07 11:57:12,2026-08-07 13:29:12,"Investigated Phishing activity detected. Analyst analyst04 reviewed log sources, verified no lateral movement, and documented remediation actions.","Logs, PCAP, EDR timeline",8,bcaa67f38ae9257f82d71e5005e9442af0fec7195a9b28a4618f2c4f27f40815
BANK-A,BANK-A-CASE-00044,analyst02,2026-09-15 17:43:35,2026-09-15 21:55:35,"Investigated Config Change activity detected. Analyst analyst02 reviewed log sources, verified no lateral movement, and documented remediation actions.","Logs, PCAP, EDR timeline",2,8482a3f3b09e205cb34654fbd234413e0c07a8c4e1d68da61e0df0cf7d30d2c1
BANK-A,BANK-A-CASE-00045,analyst02,2026-07-16 14:55:54,2026-07-16 16:49:54,"Investigated Insider Threat activity detected. Analyst analyst02 reviewed log sources, verified no lateral movement, and documented remediation actions.","Logs, PCAP, EDR timeline",1,f370d8e20bd5356cbe7ba58c7a7faac9527a8c3daf651104f6c3c8da9f0eea9b
BANK-A,BANK-A-CASE-00046,analyst06,2026-09-19 14:47:04,2026-09-19 15:06:04,"Investigated Dos activity detected. Analyst analyst06 reviewed log sources, verified no lateral movement, and documented remediation actions.","Logs, PCAP, EDR timeline",3,2d2e95641676d55579b656e483f20e6bd6b3dce4d7f7000bbd75f0df574e4ebd
BANK-A,BANK-A-CASE-00047,analyst07,2026-09-06 21:26:25,2026-09-07 01:28:25,"Investigated Policy Violation activity detected. Analyst analyst07 reviewed log sources, verified no lateral movement, and documented remediation actions.","Logs, PCAP, EDR timeline",1,a5d64dc9e537ee58a42671976ebe6a83bc65e88219e2d7d2b5945ea9fd9b04ba
BANK-A,BANK-A-CASE-00048,analyst02,2026-09-29 21:48:50,2026-09-29 22:03:50,"Investigated Phishing activity detected. Analyst analyst02 reviewed log sources, verified no lateral movement, and documented remediation actions.","Logs, PCAP, EDR timeline",8,5bed2fb74c0abbfad0a4c277ea293f472dc1d7e9e7bac4c9bb671f27545ba842
BANK-A,BANK-A-CASE-00050,analyst01,2026-08-05 21:09:36,2026-08-06 00:09:36,"Investigated Phishing activity detected. Analyst analyst01 reviewed log sources, verified no lateral movement, and documented remediation actions.","Logs, PCAP, EDR timeline",3,c3fe7ad34e5fe7aa4c0eb352c640a6b3465b58ac16ee926b6242baed1d27a270
BANK-A,BANK-A-CASE-00053,analyst08,2026-09-25 23:43:53,2026-09-26 02:19:53,"Investigated Dos activity detected. Analyst analyst08 reviewed log sources, verified no lateral movement, and documented remediation actions.","Logs, PCAP, EDR timeline",1,6078e501bc848307cc9716881b4ba9e4a99678872aabc39af34362be7bcc83d5
BANK-A,BANK-A-CASE-00054,analyst06,2026-07-22 06:58:00,2026-07-22 08:08:00,"Investigated Config Change activity detected. Analyst analyst06 reviewed log sources, verified no lateral movement, and documented remediation actions.","Logs, PCAP, EDR timeline",4,1e87241e57b947c764414c4cc84189d6868d83a617ee9b30a7e03444ac66813d
BANK-A,BANK-A-CASE-00055,analyst03,2026-07-27 05:17:41,2026-07-27 07:13:41,"Investigated Malware activity detected. Analyst analyst03 reviewed log sources, verified no lateral movement, and documented remediation actions.","Logs, PCAP, EDR timeline",2,700276472868e6c6071cd6a80e6fdf396190f7d67d274e6c94ed8cdf12e7a003
BANK-A,BANK-A-CASE-00056,analyst08,2026-07-18 01:57:09,2026-07-18 02:29:09,"Investigated Policy Violation activity detected. Analyst analyst08 reviewed log sources, verified no lateral movement, and documented remediation actions.","Logs, PCAP, EDR timeline",7,4e68e44cde19e66fa2ab5936121e7bf44948eca89beb888cde347c0668e3b41a
BANK-A,BANK-A-CASE-00057,analyst02,2026-07-18 11:55:24,2026-07-18 13:10:24,"Investigated Insider Threat activity detected. Analyst analyst02 reviewed log sources, verified no lateral movement, and documented remediation actions.","Logs, PCAP, EDR timeline",6,f370d8e20bd5356cbe7ba58c7a7faac9527a8c3daf651104f6c3c8da9f0eea9b
BANK-A,BANK-A-CASE-00058,analyst07,2026-08-24 15:08:14,2026-08-24 19:41:14,"Investigated Insider Threat activity detected. Analyst analyst07 reviewed log sources, verified no lateral movement, and documented remediation actions.","Logs, PCAP, EDR timeline",5,bfd5d35d3f151f4396c26537cacd9b63be7796ff5b983bb02a8b6b468c2d4950
BANK-A,BANK-A-CASE-00059,analyst02,2026-09-17 07:39:04,2026-09-17 09:41:04,"Investigated Insider Threat activity detected. Analyst analyst02 reviewed log sources, verified no lateral movement, and documented remediation actions.","Logs, PCAP, EDR timeline",5,f370d8e20bd5356cbe7ba58c7a7faac9527a8c3daf651104f6c3c8da9f0eea9b
BANK-A,BANK-A-CASE-00060,analyst01,2026-08-15 15:26:35,2026-08-15 16:19:35,"Investigated Unauthorized Access activity detected. Analyst analyst01 reviewed log sources, verified no lateral movement, and documented remediation actions.","Logs, PCAP, EDR timeline",8,64f1525454d30208119e421cd64853f1e500a8789f0915ea2d7152a0c214e167
