entity_code,alert_id,short_description,details,priority,alert_type,sensor,host_id,event_time,ack_time,resolved_at,state
BANK-A,BANK-A-ALT-00001,Config Change activity detected,Automated CONFIG_CHANGE alert on asset BANK-A-AST-0051,MEDIUM,CONFIG_CHANGE,EDR,BANK-A-AST-0051,2026-07-14 09:18:43,2026-07-14 09:36:43,2026-07-14 20:32:43,CLOSED
BANK-A,BANK-A-ALT-00002,Data Exfiltration activity detected,Automated DATA_EXFILTRATION alert on asset BANK-A-AST-0002,HIGH,DATA_EXFILTRATION,WAF,BANK-A-AST-0002,2026-09-24 08:00:56,2026-09-24 08:26:56,2026-09-24 10:58:56,CLOSED
BANK-A,BANK-A-ALT-00003,Data Exfiltration activity detected,Automated DATA_EXFILTRATION alert on asset BANK-A-AST-0022,HIGH,DATA_EXFILTRATION,NDR,BANK-A-AST-0022,2026-09-15 07:29:10,2026-09-15 07:33:10,2026-09-15 08:25:10,FALSE_POSITIVE
BANK-A,BANK-A-ALT-00004,Config Change activity detected,Automated CONFIG_CHANGE alert on asset BANK-A-AST-0011,INFO,CONFIG_CHANGE,EDR,BANK-A-AST-0011,2026-07-22 12:36:21,2026-07-22 13:00:21,2026-07-22 22:10:21,CLOSED
BANK-A,BANK-A-ALT-00005,Malware activity detected,Automated MALWARE alert on asset BANK-A-AST-0027,MEDIUM,MALWARE,EDR,BANK-A-AST-0027,2026-08-11 19:03:27,2026-08-11 19:33:27,2026-08-12 19:01:27,CLOSED
BANK-A,BANK-A-ALT-00006,Malware activity detected,Automated MALWARE alert on asset BANK-A-AST-0049,LOW,MALWARE,EDR,BANK-A-AST-0049,2026-08-24 22:47:29,2026-08-24 23:16:29,2026-08-25 21:31:29,CLOSED
BANK-A,BANK-A-ALT-00007,Policy Violation activity detected,Automated POLICY_VIOLATION alert on asset BANK-A-AST-0052,MEDIUM,POLICY_VIOLATION,SIEM,BANK-A-AST-0052,2026-07-03 23:55:37,2026-07-04 00:24:37,2026-07-04 08:53:37,FALSE_POSITIVE
BANK-A,BANK-A-ALT-00008,Policy Violation activity detected,Automated POLICY_VIOLATION alert on asset BANK-A-AST-0031,HIGH,POLICY_VIOLATION,NDR,BANK-A-AST-0031,2026-09-20 21:07:53,2026-09-20 21:33:53,2026-09-21 00:01:53,CLOSED
BANK-A,BANK-A-ALT-00009,Data Exfiltration activity detected,Automated DATA_EXFILTRATION alert on asset BANK-A-AST-0028,MEDIUM,DATA_EXFILTRATION,SIEM,BANK-A-AST-0028,2026-07-23 06:00:55,2026-07-23 06:16:55,2026-07-23 19:04:55,CLOSED
BANK-A,BANK-A-ALT-00010,Dos activity detected,Automated DoS alert on asset BANK-A-AST-0022,HIGH,DoS,SIEM,BANK-A-AST-0022,2026-08-11 18:20:47,2026-08-11 18:31:47,2026-08-11 22:36:47,FALSE_POSITIVE
BANK-A,BANK-A-ALT-00011,Phishing activity detected,Automated PHISHING alert on asset BANK-A-AST-0031,LOW,PHISHING,SIEM,BANK-A-AST-0031,2026-07-03 12:33:45,2026-07-03 12:35:45,2026-07-03 14:39:45,CLOSED
BANK-A,BANK-A-ALT-00012,Config Change activity detected,Automated CONFIG_CHANGE alert on asset BANK-A-AST-0052,LOW,CONFIG_CHANGE,WAF,BANK-A-AST-0052,2026-08-14 08:21:03,2026-08-14 08:36:03,2026-08-15 00:18:03,CLOSED
BANK-A,BANK-A-ALT-00013,Phishing activity detected,Automated PHISHING alert on asset BANK-A-AST-0041,LOW,PHISHING,WAF,BANK-A-AST-0041,2026-07-09 17:31:46,2026-07-09 17:43:46,2026-07-10 06:47:46,CLOSED
BANK-A,BANK-A-ALT-00014,Phishing activity detected,Automated PHISHING alert on asset BANK-A-AST-0039,LOW,PHISHING,WAF,BANK-A-AST-0039,2026-09-12 16:38:49,2026-09-12 17:03:49,2026-09-13 03:52:49,CLOSED
BANK-A,BANK-A-ALT-00015,Insider Threat activity detected,Automated INSIDER_THREAT alert on asset BANK-A-AST-0060,LOW,INSIDER_THREAT,WAF,BANK-A-AST-0060,2026-07-31 02:50:19,2026-07-31 03:19:19,2026-07-31 13:41:19,CLOSED
BANK-A,BANK-A-ALT-00016,Unauthorized Access activity detected,Automated UNAUTHORIZED_ACCESS alert on asset BANK-A-AST-0058,MEDIUM,UNAUTHORIZED_ACCESS,WAF,BANK-A-AST-0058,2026-07-20 21:07:31,2026-07-20 21:17:31,2026-07-21 08:38:31,FALSE_POSITIVE
BANK-A,BANK-A-ALT-00017,Malware activity detected,Automated MALWARE alert on asset BANK-A-AST-0008,MEDIUM,MALWARE,WAF,BANK-A-AST-0008,2026-08-21 07:16:14,2026-08-21 07:26:14,2026-08-22 05:56:14,FALSE_POSITIVE
BANK-A,BANK-A-ALT-00018,Phishing activity detected,Automated PHISHING alert on asset BANK-A-AST-0040,MEDIUM,PHISHING,NDR,BANK-A-AST-0040,2026-07-23 02:57:03,2026-07-23 03:14:03,2026-07-23 04:20:03,CLOSED
BANK-A,BANK-A-ALT-00019,Dos activity detected,Automated DoS alert on asset BANK-A-AST-0035,MEDIUM,DoS,WAF,BANK-A-AST-0035,2026-08-11 00:12:27,2026-08-11 00:27:27,2026-08-11 11:49:27,CLOSED
BANK-A,BANK-A-ALT-00020,Malware activity detected,Automated MALWARE alert on asset BANK-A-AST-0038,MEDIUM,MALWARE,EDR,BANK-A-AST-0038,2026-08-16 21:25:08,2026-08-16 21:48:08,2026-08-17 08:45:08,CLOSED
BANK-A,BANK-A-ALT-00021,Data Exfiltration activity detected,Automated DATA_EXFILTRATION alert on asset BANK-A-AST-0045,LOW,DATA_EXFILTRATION,WAF,BANK-A-AST-0045,2026-08-22 00:30:15,2026-08-22 00:37:15,2026-08-22 17:10:15,CLOSED
BANK-A,BANK-A-ALT-00022,Unauthorized Access activity detected,Automated UNAUTHORIZED_ACCESS alert on asset BANK-A-AST-0029,LOW,UNAUTHORIZED_ACCESS,EDR,BANK-A-AST-0029,2026-09-24 00:03:06,2026-09-24 00:26:06,2026-09-24 12:41:06,CLOSED
BANK-A,BANK-A-ALT-00023,Malware activity detected,Automated MALWARE alert on asset BANK-A-AST-0005,MEDIUM,MALWARE,WAF,BANK-A-AST-0005,2026-09-27 23:32:02,2026-09-27 23:44:02,2026-09-28 13:39:02,CLOSED
BANK-A,BANK-A-ALT-00024,Phishing activity detected,Automated PHISHING alert on asset BANK-A-AST-0004,MEDIUM,PHISHING,SIEM,BANK-A-AST-0004,2026-09-08 11:12:38,2026-09-08 11:26:38,2026-09-08 17:46:38,CLOSED
BANK-A,BANK-A-ALT-00025,Policy Violation activity detected,Automated POLICY_VIOLATION alert on asset BANK-A-AST-0048,MEDIUM,POLICY_VIOLATION,SIEM,BANK-A-AST-0048,2026-08-18 13:43:38,2026-08-18 14:13:38,2026-08-19 11:28:38,CLOSED
BANK-A,BANK-A-ALT-00026,Phishing activity detected,Automated PHISHING alert on asset BANK-A-AST-0045,HIGH,PHISHING,NDR,BANK-A-AST-0045,2026-07-27 09:49:50,2026-07-27 10:14:50,2026-07-27 11:57:50,FALSE_POSITIVE
BANK-A,BANK-A-ALT-00027,Phishing activity detected,Automated PHISHING alert on asset BANK-A-AST-0053,HIGH,PHISHING,NDR,BANK-A-AST-0053,2026-08-07 02:49:57,2026-08-07 02:55:57,2026-08-07 07:22:57,CLOSED
BANK-A,BANK-A-ALT-00028,Policy Violation activity detected,Automated POLICY_VIOLATION alert on asset BANK-A-AST-0013,MEDIUM,POLICY_VIOLATION,SIEM,BANK-A-AST-0013,2026-09-27 20:14:38,2026-09-27 20:36:38,2026-09-28 19:36:38,CLOSED
BANK-A,BANK-A-ALT-00029,Unauthorized Access activity detected,Automated UNAUTHORIZED_ACCESS alert on asset BANK-A-AST-0048,MEDIUM,UNAUTHORIZED_ACCESS,SIEM,BANK-A-AST-0048,2026-09-04 16:12:02,2026-09-04 16:42:02,2026-09-05 16:02:02,CLOSED
BANK-A,BANK-A-ALT-00030,Policy Violation activity detected,Automated POLICY_VIOLATION alert on asset BANK-A-AST-0032,LOW,POLICY_VIOLATION,NDR,BANK-A-AST-0032,2026-09-08 17:14:01,2026-09-08 17:39:01,2026-09-09 13:01:01,CLOSED
BANK-A,BANK-A-ALT-00031,Unauthorized Access activity detected,Automated UNAUTHORIZED_ACCESS alert on asset BANK-A-AST-0036,MEDIUM,UNAUTHORIZED_ACCESS,SIEM,BANK-A-AST-0036,2026-09-19 09:43:25,2026-09-19 09:50:25,2026-09-20 04:04:25,CLOSED
BANK-A,BANK-A-ALT-00032,Malware activity detected,Automated MALWARE alert on asset BANK-A-AST-0047,INFO,MALWARE,NDR,BANK-A-AST-0047,2026-09-01 22:00:16,2026-09-01 22:30:16,2026-09-02 10:12:16,FALSE_POSITIVE
BANK-A,BANK-A-ALT-00033,Insider Threat activity detected,Automated INSIDER_THREAT alert on asset BANK-A-AST-0009,CRITICAL,INSIDER_THREAT,EDR,BANK-A-AST-0009,2026-08-13 15:57:12,2026-08-13 16:06:12,2026-08-13 18:50:12,FALSE_POSITIVE
BANK-A,BANK-A-ALT-00034,Malware activity detected,Automated MALWARE alert on asset BANK-A-AST-0036,INFO,MALWARE,WAF,BANK-A-AST-0036,2026-07-03 17:48:32,2026-07-03 18:07:32,2026-07-04 12:59:32,CLOSED
BANK-A,BANK-A-ALT-00035,Dos activity detected,Automated DoS alert on asset BANK-A-AST-0010,LOW,DoS,WAF,BANK-A-AST-0010,2026-07-22 23:47:08,2026-07-23 00:08:08,2026-07-23 21:28:08,CLOSED
BANK-A,BANK-A-ALT-00036,Insider Threat activity detected,Automated INSIDER_THREAT alert on asset BANK-A-AST-0050,MEDIUM,INSIDER_THREAT,NDR,BANK-A-AST-0050,2026-09-09 04:48:20,2026-09-09 05:18:20,2026-09-09 08:21:20,FALSE_POSITIVE
BANK-A,BANK-A-ALT-00037,Insider Threat activity detected,Automated INSIDER_THREAT alert on asset BANK-A-AST-0036,INFO,INSIDER_THREAT,WAF,BANK-A-AST-0036,2026-07-08 14:18:20,2026-07-08 14:32:20,2026-07-08 20:01:20,CLOSED
BANK-A,BANK-A-ALT-00038,Unauthorized Access activity detected,Automated UNAUTHORIZED_ACCESS alert on asset BANK-A-AST-0022,HIGH,UNAUTHORIZED_ACCESS,NDR,BANK-A-AST-0022,2026-09-06 09:46:43,2026-09-06 10:07:43,2026-09-06 13:23:43,CLOSED
BANK-A,BANK-A-ALT-00039,Config Change activity detected,Automated CONFIG_CHANGE alert on asset BANK-A-AST-0027,INFO,CONFIG_CHANGE,SIEM,BANK-A-AST-0027,2026-07-09 02:38:21,2026-07-09 03:06:21,2026-07-09 23:55:21,CLOSED
BANK-A,BANK-A-ALT-00040,Dos activity detected,Automated DoS alert on asset BANK-A-AST-0016,HIGH,DoS,NDR,BANK-A-AST-0016,2026-09-08 10:46:30,2026-09-08 10:54:30,2026-09-08 14:16:30,CLOSED
BANK-A,BANK-A-ALT-00041,Config Change activity detected,Automated CONFIG_CHANGE alert on asset BANK-A-AST-0017,MEDIUM,CONFIG_CHANGE,NDR,BANK-A-AST-0017,2026-09-09 21:45:48,2026-09-09 22:14:48,2026-09-10 05:02:48,FALSE_POSITIVE
BANK-A,BANK-A-ALT-00042,Data Exfiltration activity detected,Automated DATA_EXFILTRATION alert on asset BANK-A-AST-0036,MEDIUM,DATA_EXFILTRATION,WAF,BANK-A-AST-0036,2026-07-20 05:49:01,2026-07-20 06:16:01,2026-07-20 10:28:01,CLOSED
BANK-A,BANK-A-ALT-00043,Config Change activity detected,Automated CONFIG_CHANGE alert on asset BANK-A-AST-0013,LOW,CONFIG_CHANGE,EDR,BANK-A-AST-0013,2026-07-28 16:04:11,2026-07-28 16:07:11,2026-07-29 15:18:11,CLOSED
BANK-A,BANK-A-ALT-00044,Dos activity detected,Automated DoS alert on asset BANK-A-AST-0010,LOW,DoS,EDR,BANK-A-AST-0010,2026-08-27 16:45:32,2026-08-27 17:13:32,2026-08-28 01:09:32,CLOSED
BANK-A,BANK-A-ALT-00045,Config Change activity detected,Automated CONFIG_CHANGE alert on asset BANK-A-AST-0012,HIGH,CONFIG_CHANGE,SIEM,BANK-A-AST-0012,2026-07-02 18:37:57,2026-07-02 18:58:57,2026-07-02 21:09:57,FALSE_POSITIVE
BANK-A,BANK-A-ALT-00046,Malware activity detected,Automated MALWARE alert on asset BANK-A-AST-0029,HIGH,MALWARE,EDR,BANK-A-AST-0029,2026-09-13 03:42:07,2026-09-13 03:51:07,2026-09-13 07:50:07,CLOSED
BANK-A,BANK-A-ALT-00047,Config Change activity detected,Automated CONFIG_CHANGE alert on asset BANK-A-AST-0005,MEDIUM,CONFIG_CHANGE,NDR,BANK-A-AST-0005,2026-07-31 06:42:37,2026-07-31 07:12:37,2026-07-31 22:27:37,CLOSED
BANK-A,BANK-A-ALT-00048,Insider Threat activity detected,Automated INSIDER_THREAT alert on asset BANK-A-AST-0032,MEDIUM,INSIDER_THREAT,NDR,BANK-A-AST-0032,2026-07-05 19:09:05,2026-07-05 19:13:05,2026-07-06 04:46:05,FALSE_POSITIVE
BANK-A,BANK-A-ALT-00049,Malware activity detected,Automated MALWARE alert on asset BANK-A-AST-0046,LOW,MALWARE,SIEM,BANK-A-AST-0046,2026-09-29 05:22:51,2026-09-29 05:51:51,2026-09-29 14:09:51,FALSE_POSITIVE
BANK-A,BANK-A-ALT-00050,Data Exfiltration activity detected,Automated DATA_EXFILTRATION alert on asset BANK-A-AST-0044,HIGH,DATA_EXFILTRATION,NDR,BANK-A-AST-0044,2026-07-25 21:00:07,2026-07-25 21:26:07,2026-07-25 23:58:07,CLOSED
