entity_code,asset_code,hostname,asset_type,criticality
BANK-A,BANK-A-AST-0001,bank-a-ids-001,server,HIGH
BANK-A,BANK-A-AST-0002,bank-a-firewall-002,firewall,CRITICAL
BANK-A,BANK-A-AST-0003,bank-a-server-003,server,HIGH
BANK-A,BANK-A-AST-0004,bank-a-router-004,firewall,HIGH
BANK-A,BANK-A-AST-0005,bank-a-firewall-005,ids,LOW
BANK-A,BANK-A-AST-0006,bank-a-server-006,edr,HIGH
BANK-A,BANK-A-AST-0007,bank-a-firewall-007,ids,HIGH
BANK-A,BANK-A-AST-0008,bank-a-gateway-008,database,LOW
BANK-A,BANK-A-AST-0009,bank-a-database-009,ids,LOW
BANK-A,BANK-A-AST-0010,bank-a-firewall-010,database,HIGH
BANK-A,BANK-A-AST-0011,bank-a-database-011,firewall,HIGH
BANK-A,BANK-A-AST-0012,bank-a-ids-012,database,MEDIUM
BANK-A,BANK-A-AST-0013,bank-a-firewall-013,server,CRITICAL
BANK-A,BANK-A-AST-0014,bank-a-firewall-014,database,CRITICAL
BANK-A,BANK-A-AST-0015,bank-a-router-015,router,MEDIUM
BANK-A,BANK-A-AST-0016,bank-a-firewall-016,ids,HIGH
BANK-A,BANK-A-AST-0017,bank-a-database-017,edr,CRITICAL
BANK-A,BANK-A-AST-0018,bank-a-ids-018,server,HIGH
BANK-A,BANK-A-AST-0019,bank-a-database-019,ids,HIGH
BANK-A,BANK-A-AST-0020,bank-a-firewall-020,ids,CRITICAL
BANK-A,BANK-A-AST-0021,bank-a-firewall-021,ids,MEDIUM
BANK-A,BANK-A-AST-0022,bank-a-database-022,firewall,CRITICAL
BANK-A,BANK-A-AST-0023,bank-a-database-023,server,CRITICAL
BANK-A,BANK-A-AST-0024,bank-a-server-024,router,CRITICAL
BANK-A,BANK-A-AST-0025,bank-a-router-025,edr,CRITICAL
BANK-A,BANK-A-AST-0026,bank-a-ids-026,gateway,MEDIUM
BANK-A,BANK-A-AST-0027,bank-a-database-027,database,CRITICAL
BANK-A,BANK-A-AST-0028,bank-a-firewall-028,database,HIGH
BANK-A,BANK-A-AST-0029,bank-a-ids-029,server,LOW
BANK-A,BANK-A-AST-0030,bank-a-server-030,edr,LOW
BANK-A,BANK-A-AST-0031,bank-a-ids-031,router,HIGH
BANK-A,BANK-A-AST-0032,bank-a-edr-032,database,LOW
BANK-A,BANK-A-AST-0033,bank-a-ids-033,firewall,CRITICAL
BANK-A,BANK-A-AST-0034,bank-a-edr-034,server,MEDIUM
BANK-A,BANK-A-AST-0035,bank-a-edr-035,gateway,MEDIUM
BANK-A,BANK-A-AST-0036,bank-a-server-036,firewall,MEDIUM
BANK-A,BANK-A-AST-0037,bank-a-gateway-037,gateway,CRITICAL
BANK-A,BANK-A-AST-0038,bank-a-firewall-038,router,LOW
BANK-A,BANK-A-AST-0039,bank-a-router-039,server,LOW
BANK-A,BANK-A-AST-0040,bank-a-gateway-040,server,MEDIUM
BANK-A,BANK-A-AST-0041,bank-a-edr-041,server,MEDIUM
BANK-A,BANK-A-AST-0042,bank-a-gateway-042,router,MEDIUM
BANK-A,BANK-A-AST-0043,bank-a-gateway-043,router,MEDIUM
BANK-A,BANK-A-AST-0044,bank-a-ids-044,server,MEDIUM
BANK-A,BANK-A-AST-0045,bank-a-ids-045,gateway,CRITICAL
BANK-A,BANK-A-AST-0046,bank-a-server-046,router,HIGH
BANK-A,BANK-A-AST-0047,bank-a-server-047,ids,CRITICAL
BANK-A,BANK-A-AST-0048,bank-a-edr-048,database,LOW
BANK-A,BANK-A-AST-0049,bank-a-database-049,gateway,CRITICAL
BANK-A,BANK-A-AST-0050,bank-a-edr-050,server,CRITICAL
BANK-A,BANK-A-AST-0051,bank-a-server-051,gateway,MEDIUM
BANK-A,BANK-A-AST-0052,bank-a-database-052,gateway,MEDIUM
BANK-A,BANK-A-AST-0053,bank-a-router-053,router,MEDIUM
BANK-A,BANK-A-AST-0054,bank-a-router-054,server,MEDIUM
BANK-A,BANK-A-AST-0055,bank-a-edr-055,edr,MEDIUM
BANK-A,BANK-A-AST-0056,bank-a-gateway-056,ids,MEDIUM
BANK-A,BANK-A-AST-0057,bank-a-ids-057,gateway,LOW
BANK-A,BANK-A-AST-0058,bank-a-server-058,firewall,MEDIUM
BANK-A,BANK-A-AST-0059,bank-a-edr-059,ids,MEDIUM
BANK-A,BANK-A-AST-0060,bank-a-edr-060,edr,CRITICAL
POWER-B,POWER-B-AST-0001,power-b-server-001,database,MEDIUM
POWER-B,POWER-B-AST-0002,power-b-router-002,ids,LOW
POWER-B,POWER-B-AST-0003,power-b-database-003,ids,MEDIUM
POWER-B,POWER-B-AST-0004,power-b-router-004,server,HIGH
POWER-B,POWER-B-AST-0005,power-b-gateway-005,database,HIGH
POWER-B,POWER-B-AST-0006,power-b-ids-006,router,MEDIUM
POWER-B,POWER-B-AST-0007,power-b-router-007,gateway,HIGH
POWER-B,POWER-B-AST-0008,power-b-router-008,firewall,HIGH
POWER-B,POWER-B-AST-0009,power-b-gateway-009,firewall,HIGH
POWER-B,POWER-B-AST-0010,power-b-gateway-010,router,CRITICAL
POWER-B,POWER-B-AST-0011,power-b-firewall-011,ids,HIGH
POWER-B,POWER-B-AST-0012,power-b-ids-012,database,HIGH
POWER-B,POWER-B-AST-0013,power-b-database-013,server,MEDIUM
POWER-B,POWER-B-AST-0014,power-b-ids-014,database,CRITICAL
POWER-B,POWER-B-AST-0015,power-b-edr-015,server,LOW
POWER-B,POWER-B-AST-0016,power-b-gateway-016,database,HIGH
POWER-B,POWER-B-AST-0017,power-b-router-017,database,HIGH
POWER-B,POWER-B-AST-0018,power-b-database-018,ids,MEDIUM
POWER-B,POWER-B-AST-0019,power-b-server-019,firewall,CRITICAL
POWER-B,POWER-B-AST-0020,power-b-firewall-020,server,LOW
POWER-B,POWER-B-AST-0021,power-b-gateway-021,router,MEDIUM
POWER-B,POWER-B-AST-0022,power-b-server-022,ids,HIGH
POWER-B,POWER-B-AST-0023,power-b-ids-023,server,CRITICAL
POWER-B,POWER-B-AST-0024,power-b-server-024,server,HIGH
POWER-B,POWER-B-AST-0025,power-b-database-025,database,MEDIUM
POWER-B,POWER-B-AST-0026,power-b-firewall-026,ids,MEDIUM
POWER-B,POWER-B-AST-0027,power-b-router-027,firewall,MEDIUM
POWER-B,POWER-B-AST-0028,power-b-firewall-028,router,LOW
POWER-B,POWER-B-AST-0029,power-b-firewall-029,firewall,HIGH
POWER-B,POWER-B-AST-0030,power-b-gateway-030,ids,MEDIUM
POWER-B,POWER-B-AST-0031,power-b-edr-031,firewall,HIGH
POWER-B,POWER-B-AST-0032,power-b-edr-032,ids,LOW
POWER-B,POWER-B-AST-0033,power-b-edr-033,gateway,MEDIUM
POWER-B,POWER-B-AST-0034,power-b-router-034,server,MEDIUM
POWER-B,POWER-B-AST-0035,power-b-server-035,database,MEDIUM
POWER-B,POWER-B-AST-0036,power-b-edr-036,ids,LOW
POWER-B,POWER-B-AST-0037,power-b-database-037,edr,MEDIUM
POWER-B,POWER-B-AST-0038,power-b-database-038,database,HIGH
POWER-B,POWER-B-AST-0039,power-b-firewall-039,server,MEDIUM
POWER-B,POWER-B-AST-0040,power-b-database-040,gateway,MEDIUM
POWER-B,POWER-B-AST-0041,power-b-router-041,edr,CRITICAL
POWER-B,POWER-B-AST-0042,power-b-firewall-042,ids,MEDIUM
POWER-B,POWER-B-AST-0043,power-b-router-043,gateway,MEDIUM
POWER-B,POWER-B-AST-0044,power-b-firewall-044,gateway,HIGH
POWER-B,POWER-B-AST-0045,power-b-ids-045,database,CRITICAL
TELEC-C,TELEC-C-AST-0001,telec-c-database-001,firewall,HIGH
TELEC-C,TELEC-C-AST-0002,telec-c-ids-002,server,LOW
TELEC-C,TELEC-C-AST-0003,telec-c-ids-003,firewall,MEDIUM
TELEC-C,TELEC-C-AST-0004,telec-c-server-004,server,CRITICAL
TELEC-C,TELEC-C-AST-0005,telec-c-router-005,edr,HIGH
TELEC-C,TELEC-C-AST-0006,telec-c-edr-006,edr,CRITICAL
TELEC-C,TELEC-C-AST-0007,telec-c-edr-007,database,HIGH
TELEC-C,TELEC-C-AST-0008,telec-c-firewall-008,edr,CRITICAL
TELEC-C,TELEC-C-AST-0009,telec-c-gateway-009,server,MEDIUM
TELEC-C,TELEC-C-AST-0010,telec-c-firewall-010,database,CRITICAL
TELEC-C,TELEC-C-AST-0011,telec-c-ids-011,database,MEDIUM
TELEC-C,TELEC-C-AST-0012,telec-c-gateway-012,router,LOW
TELEC-C,TELEC-C-AST-0013,telec-c-ids-013,edr,HIGH
TELEC-C,TELEC-C-AST-0014,telec-c-database-014,gateway,MEDIUM
TELEC-C,TELEC-C-AST-0015,telec-c-ids-015,firewall,LOW
TELEC-C,TELEC-C-AST-0016,telec-c-gateway-016,gateway,MEDIUM
TELEC-C,TELEC-C-AST-0017,telec-c-server-017,router,HIGH
TELEC-C,TELEC-C-AST-0018,telec-c-gateway-018,database,MEDIUM
TELEC-C,TELEC-C-AST-0019,telec-c-ids-019,firewall,LOW
TELEC-C,TELEC-C-AST-0020,telec-c-ids-020,server,HIGH
TELEC-C,TELEC-C-AST-0021,telec-c-database-021,edr,HIGH
TELEC-C,TELEC-C-AST-0022,telec-c-server-022,gateway,HIGH
TELEC-C,TELEC-C-AST-0023,telec-c-edr-023,gateway,MEDIUM
TELEC-C,TELEC-C-AST-0024,telec-c-edr-024,database,HIGH
TELEC-C,TELEC-C-AST-0025,telec-c-firewall-025,gateway,MEDIUM
TELEC-C,TELEC-C-AST-0026,telec-c-database-026,server,HIGH
TELEC-C,TELEC-C-AST-0027,telec-c-database-027,ids,LOW
TELEC-C,TELEC-C-AST-0028,telec-c-edr-028,gateway,HIGH
TELEC-C,TELEC-C-AST-0029,telec-c-router-029,ids,LOW
TELEC-C,TELEC-C-AST-0030,telec-c-edr-030,gateway,MEDIUM
TELEC-C,TELEC-C-AST-0031,telec-c-ids-031,ids,MEDIUM
TELEC-C,TELEC-C-AST-0032,telec-c-gateway-032,gateway,HIGH
TELEC-C,TELEC-C-AST-0033,telec-c-edr-033,router,CRITICAL
TELEC-C,TELEC-C-AST-0034,telec-c-database-034,gateway,CRITICAL
TELEC-C,TELEC-C-AST-0035,telec-c-ids-035,gateway,LOW
TELEC-C,TELEC-C-AST-0036,telec-c-database-036,gateway,HIGH
TELEC-C,TELEC-C-AST-0037,telec-c-ids-037,gateway,HIGH
TELEC-C,TELEC-C-AST-0038,telec-c-database-038,database,HIGH
TELEC-C,TELEC-C-AST-0039,telec-c-firewall-039,gateway,MEDIUM
TELEC-C,TELEC-C-AST-0040,telec-c-database-040,ids,HIGH
TELEC-C,TELEC-C-AST-0041,telec-c-database-041,router,HIGH
TELEC-C,TELEC-C-AST-0042,telec-c-database-042,edr,LOW
TELEC-C,TELEC-C-AST-0043,telec-c-edr-043,ids,CRITICAL
TELEC-C,TELEC-C-AST-0044,telec-c-ids-044,edr,LOW
TELEC-C,TELEC-C-AST-0045,telec-c-database-045,edr,LOW
TELEC-C,TELEC-C-AST-0046,telec-c-firewall-046,gateway,LOW
TELEC-C,TELEC-C-AST-0047,telec-c-server-047,gateway,LOW
TELEC-C,TELEC-C-AST-0048,telec-c-ids-048,gateway,MEDIUM
TELEC-C,TELEC-C-AST-0049,telec-c-firewall-049,ids,CRITICAL
TELEC-C,TELEC-C-AST-0050,telec-c-edr-050,router,HIGH
TELEC-C,TELEC-C-AST-0051,telec-c-router-051,gateway,HIGH
TELEC-C,TELEC-C-AST-0052,telec-c-edr-052,gateway,MEDIUM
TELEC-C,TELEC-C-AST-0053,telec-c-firewall-053,ids,MEDIUM
TELEC-C,TELEC-C-AST-0054,telec-c-firewall-054,firewall,CRITICAL
TELEC-C,TELEC-C-AST-0055,telec-c-firewall-055,edr,MEDIUM
TELEC-C,TELEC-C-AST-0056,telec-c-edr-056,ids,CRITICAL
TELEC-C,TELEC-C-AST-0057,telec-c-edr-057,ids,MEDIUM
TELEC-C,TELEC-C-AST-0058,telec-c-edr-058,gateway,MEDIUM
TELEC-C,TELEC-C-AST-0059,telec-c-ids-059,server,LOW
TELEC-C,TELEC-C-AST-0060,telec-c-edr-060,database,HIGH
TELEC-C,TELEC-C-AST-0061,telec-c-gateway-061,firewall,MEDIUM
TELEC-C,TELEC-C-AST-0062,telec-c-edr-062,server,HIGH
TELEC-C,TELEC-C-AST-0063,telec-c-gateway-063,firewall,LOW
TELEC-C,TELEC-C-AST-0064,telec-c-edr-064,edr,CRITICAL
TELEC-C,TELEC-C-AST-0065,telec-c-database-065,gateway,HIGH
TELEC-C,TELEC-C-AST-0066,telec-c-router-066,ids,CRITICAL
TELEC-C,TELEC-C-AST-0067,telec-c-router-067,server,CRITICAL
TELEC-C,TELEC-C-AST-0068,telec-c-ids-068,router,MEDIUM
TELEC-C,TELEC-C-AST-0069,telec-c-database-069,edr,MEDIUM
TELEC-C,TELEC-C-AST-0070,telec-c-firewall-070,firewall,CRITICAL
