entity_code,external_id,alert_external_id,title,severity,status,opened_at,closed_at,assigned_to
BANK-A,BANK-A-CASE-00001,BANK-A-ALT-00002,Data Exfiltration activity detected,HIGH,CLOSED,2026-09-24 08:21:56,2026-09-24 10:58:56,analyst07
BANK-A,BANK-A-CASE-00002,BANK-A-ALT-00003,Data Exfiltration activity detected,HIGH,CLOSED,2026-09-15 07:51:10,2026-09-15 08:25:10,analyst01
BANK-A,BANK-A-CASE-00003,BANK-A-ALT-00010,Dos activity detected,HIGH,CLOSED,2026-08-11 18:54:47,2026-08-11 22:36:47,analyst06
BANK-A,BANK-A-CASE-00004,BANK-A-ALT-00027,Phishing activity detected,HIGH,CLOSED,2026-08-07 03:09:57,2026-08-07 07:22:57,analyst02
BANK-A,BANK-A-CASE-00005,BANK-A-ALT-00033,Insider Threat activity detected,CRITICAL,CLOSED,2026-08-13 16:02:12,2026-08-13 18:50:12,analyst06
BANK-A,BANK-A-CASE-00006,BANK-A-ALT-00038,Unauthorized Access activity detected,HIGH,CLOSED,2026-09-06 10:09:43,2026-09-06 13:23:43,analyst03
BANK-A,BANK-A-CASE-00007,BANK-A-ALT-00053,Dos activity detected,HIGH,CLOSED,2026-08-26 13:05:37,2026-08-26 13:59:37,analyst05
BANK-A,BANK-A-CASE-00008,BANK-A-ALT-00055,Policy Violation activity detected,HIGH,CLOSED,2026-08-20 21:55:36,2026-08-20 22:12:36,analyst03
BANK-A,BANK-A-CASE-00009,BANK-A-ALT-00057,Insider Threat activity detected,HIGH,CLOSED,2026-09-06 10:04:29,2026-09-06 10:21:29,analyst01
BANK-A,BANK-A-CASE-00010,BANK-A-ALT-00062,Policy Violation activity detected,HIGH,CLOSED,2026-08-27 17:31:39,2026-08-27 21:29:39,analyst03
BANK-A,BANK-A-CASE-00011,BANK-A-ALT-00063,Config Change activity detected,HIGH,CLOSED,2026-07-17 18:24:58,2026-07-17 19:39:58,analyst06
BANK-A,BANK-A-CASE-00012,BANK-A-ALT-00064,Malware activity detected,HIGH,CLOSED,2026-07-11 11:57:37,2026-07-11 13:08:37,analyst03
BANK-A,BANK-A-CASE-00013,BANK-A-ALT-00069,Data Exfiltration activity detected,HIGH,CLOSED,2026-08-10 19:15:45,2026-08-10 23:50:45,analyst07
BANK-A,BANK-A-CASE-00014,BANK-A-ALT-00076,Policy Violation activity detected,HIGH,CLOSED,2026-09-15 11:51:32,2026-09-15 14:28:32,analyst01
BANK-A,BANK-A-CASE-00015,BANK-A-ALT-00078,Dos activity detected,HIGH,CLOSED,2026-07-06 04:20:58,2026-07-06 08:42:58,analyst05
BANK-A,BANK-A-CASE-00016,BANK-A-ALT-00079,Phishing activity detected,CRITICAL,CLOSED,2026-07-20 05:56:54,2026-07-20 08:08:54,analyst08
BANK-A,BANK-A-CASE-00017,BANK-A-ALT-00081,Insider Threat activity detected,HIGH,CLOSED,2026-07-14 17:26:29,2026-07-14 21:05:29,analyst05
BANK-A,BANK-A-CASE-00018,BANK-A-ALT-00085,Malware activity detected,HIGH,CLOSED,2026-08-07 22:51:03,2026-08-08 00:16:03,analyst03
BANK-A,BANK-A-CASE-00019,BANK-A-ALT-00097,Dos activity detected,HIGH,CLOSED,2026-08-31 04:28:59,2026-08-31 06:48:59,analyst07
BANK-A,BANK-A-CASE-00020,BANK-A-ALT-00112,Insider Threat activity detected,HIGH,CLOSED,2026-08-03 11:03:37,2026-08-03 13:00:37,analyst03
BANK-A,BANK-A-CASE-00021,BANK-A-ALT-00114,Phishing activity detected,HIGH,CLOSED,2026-07-08 09:29:44,2026-07-08 12:56:44,analyst01
BANK-A,BANK-A-CASE-00022,BANK-A-ALT-00123,Unauthorized Access activity detected,CRITICAL,CLOSED,2026-09-04 13:19:47,2026-09-04 13:24:47,analyst06
BANK-A,BANK-A-CASE-00023,BANK-A-ALT-00138,Dos activity detected,HIGH,CLOSED,2026-07-23 17:32:47,2026-07-23 18:09:47,analyst08
BANK-A,BANK-A-CASE-00024,BANK-A-ALT-00154,Data Exfiltration activity detected,HIGH,CLOSED,2026-08-31 07:47:42,2026-08-31 10:42:42,analyst05
BANK-A,BANK-A-CASE-00025,BANK-A-ALT-00161,Insider Threat activity detected,HIGH,CLOSED,2026-07-09 13:42:00,2026-07-09 15:07:00,analyst02
BANK-A,BANK-A-CASE-00026,BANK-A-ALT-00166,Phishing activity detected,HIGH,CLOSED,2026-08-22 12:57:20,2026-08-22 17:31:20,analyst08
BANK-A,BANK-A-CASE-00027,BANK-A-ALT-00172,Malware activity detected,HIGH,CLOSED,2026-09-26 06:31:44,2026-09-26 10:53:44,analyst08
BANK-A,BANK-A-CASE-00028,BANK-A-ALT-00177,Data Exfiltration activity detected,HIGH,CLOSED,2026-07-31 01:27:45,2026-07-31 02:51:45,analyst07
BANK-A,BANK-A-CASE-00029,BANK-A-ALT-00182,Data Exfiltration activity detected,HIGH,CLOSED,2026-07-30 13:36:08,2026-07-30 14:55:08,analyst03
BANK-A,BANK-A-CASE-00030,BANK-A-ALT-00183,Insider Threat activity detected,HIGH,CLOSED,2026-09-08 23:42:59,2026-09-09 01:52:59,analyst07
BANK-A,BANK-A-CASE-00031,BANK-A-ALT-00184,Config Change activity detected,HIGH,CLOSED,2026-07-18 05:26:44,2026-07-18 07:23:44,analyst05
BANK-A,BANK-A-CASE-00032,BANK-A-ALT-00202,Dos activity detected,HIGH,CLOSED,2026-08-30 00:04:34,2026-08-30 04:42:34,analyst02
BANK-A,BANK-A-CASE-00033,BANK-A-ALT-00204,Unauthorized Access activity detected,HIGH,CLOSED,2026-08-23 04:00:22,2026-08-23 07:46:22,analyst08
BANK-A,BANK-A-CASE-00034,BANK-A-ALT-00215,Unauthorized Access activity detected,CRITICAL,CLOSED,2026-08-30 00:43:06,2026-08-30 02:22:06,analyst04
BANK-A,BANK-A-CASE-00035,BANK-A-ALT-00218,Data Exfiltration activity detected,HIGH,CLOSED,2026-08-27 10:02:30,2026-08-27 13:02:30,analyst05
BANK-A,BANK-A-CASE-00036,BANK-A-ALT-00225,Unauthorized Access activity detected,HIGH,CLOSED,2026-08-26 01:49:52,2026-08-26 03:09:52,analyst05
BANK-A,BANK-A-CASE-00037,BANK-A-ALT-00231,Data Exfiltration activity detected,CRITICAL,CLOSED,2026-09-29 06:01:21,2026-09-29 06:46:21,analyst08
BANK-A,BANK-A-CASE-00038,BANK-A-ALT-00251,Unauthorized Access activity detected,HIGH,CLOSED,2026-09-24 21:03:28,2026-09-24 22:57:28,analyst03
BANK-A,BANK-A-CASE-00039,BANK-A-ALT-00258,Dos activity detected,HIGH,CLOSED,2026-07-20 21:07:53,2026-07-20 21:38:53,analyst06
BANK-A,BANK-A-CASE-00040,BANK-A-ALT-00267,Policy Violation activity detected,HIGH,CLOSED,2026-08-18 09:25:17,2026-08-18 10:36:17,analyst07
BANK-A,BANK-A-CASE-00041,BANK-A-ALT-00268,Malware activity detected,HIGH,CLOSED,2026-07-26 12:49:51,2026-07-26 14:37:51,analyst02
BANK-A,BANK-A-CASE-00042,BANK-A-ALT-00274,Malware activity detected,HIGH,CLOSED,2026-09-27 02:03:37,2026-09-27 05:55:37,analyst06
BANK-A,BANK-A-CASE-00043,BANK-A-ALT-00280,Policy Violation activity detected,CRITICAL,CLOSED,2026-09-25 17:31:52,2026-09-25 20:21:52,analyst07
BANK-A,BANK-A-CASE-00044,BANK-A-ALT-00281,Insider Threat activity detected,CRITICAL,CLOSED,2026-08-09 02:24:04,2026-08-09 04:05:04,analyst02
BANK-A,BANK-A-CASE-00045,BANK-A-ALT-00282,Policy Violation activity detected,HIGH,CLOSED,2026-09-16 16:07:09,2026-09-16 19:34:09,analyst01
BANK-A,BANK-A-CASE-00046,BANK-A-ALT-00305,Config Change activity detected,CRITICAL,CLOSED,2026-07-05 23:39:34,2026-07-06 02:13:34,analyst04
BANK-A,BANK-A-CASE-00047,BANK-A-ALT-00309,Insider Threat activity detected,HIGH,CLOSED,2026-09-21 17:49:16,2026-09-21 20:30:16,analyst05
BANK-A,BANK-A-CASE-00048,BANK-A-ALT-00320,Insider Threat activity detected,HIGH,CLOSED,2026-09-06 05:27:20,2026-09-06 07:45:20,analyst06
BANK-A,BANK-A-CASE-00049,BANK-A-ALT-00335,Insider Threat activity detected,HIGH,CLOSED,2026-09-26 05:11:11,2026-09-26 07:29:11,analyst05
BANK-A,BANK-A-CASE-00050,BANK-A-ALT-00353,Unauthorized Access activity detected,CRITICAL,CLOSED,2026-07-09 05:10:04,2026-07-09 07:18:04,analyst03
BANK-A,BANK-A-CASE-00051,BANK-A-ALT-00366,Config Change activity detected,HIGH,CLOSED,2026-09-15 17:40:35,2026-09-15 21:55:35,analyst01
BANK-A,BANK-A-CASE-00052,BANK-A-ALT-00380,Unauthorized Access activity detected,CRITICAL,CLOSED,2026-08-22 14:53:03,2026-08-22 16:39:03,analyst02
BANK-A,BANK-A-CASE-00053,BANK-A-ALT-00405,Data Exfiltration activity detected,HIGH,CLOSED,2026-09-07 17:22:00,2026-09-07 19:31:00,analyst06
BANK-A,BANK-A-CASE-00054,BANK-A-ALT-00406,Unauthorized Access activity detected,HIGH,CLOSED,2026-09-07 12:12:18,2026-09-07 16:18:18,analyst08
POWER-B,POWER-B-CASE-00055,POWER-B-ALT-00002,Config Change activity detected,CRITICAL,CLOSED,2026-07-18 03:44:39,2026-07-18 03:45:39,analyst02
POWER-B,POWER-B-CASE-00056,POWER-B-ALT-00003,Config Change activity detected,CRITICAL,CLOSED,2026-07-30 00:43:53,2026-07-30 00:25:53,analyst08
POWER-B,POWER-B-CASE-00057,POWER-B-ALT-00012,Config Change activity detected,HIGH,CLOSED,2026-09-04 12:31:37,2026-09-04 13:36:37,analyst08
POWER-B,POWER-B-CASE-00058,POWER-B-ALT-00015,Phishing activity detected,HIGH,CLOSED,2026-07-10 20:18:44,2026-07-10 20:54:44,analyst08
POWER-B,POWER-B-CASE-00059,POWER-B-ALT-00026,Malware activity detected,HIGH,CLOSED,2026-08-19 13:15:18,2026-08-19 16:29:18,analyst05
POWER-B,POWER-B-CASE-00060,POWER-B-ALT-00034,Config Change activity detected,CRITICAL,CLOSED,2026-07-18 01:37:09,2026-07-18 01:53:09,analyst06
POWER-B,POWER-B-CASE-00061,POWER-B-ALT-00048,Phishing activity detected,HIGH,CLOSED,2026-08-15 15:18:35,2026-08-15 15:35:35,analyst02
POWER-B,POWER-B-CASE-00062,POWER-B-ALT-00063,Insider Threat activity detected,HIGH,CLOSED,2026-09-21 17:52:21,2026-09-21 18:28:21,analyst04
POWER-B,POWER-B-CASE-00063,POWER-B-ALT-00066,Phishing activity detected,HIGH,CLOSED,2026-07-05 20:50:18,2026-07-05 23:23:18,analyst04
POWER-B,POWER-B-CASE-00064,POWER-B-ALT-00071,Policy Violation activity detected,CRITICAL,CLOSED,2026-09-09 20:23:01,2026-09-09 19:55:01,analyst03
POWER-B,POWER-B-CASE-00065,POWER-B-ALT-00072,Unauthorized Access activity detected,HIGH,CLOSED,2026-09-04 03:33:27,2026-09-04 06:02:27,analyst02
POWER-B,POWER-B-CASE-00066,POWER-B-ALT-00079,Unauthorized Access activity detected,HIGH,CLOSED,2026-08-26 13:41:31,2026-08-26 16:02:31,analyst07
POWER-B,POWER-B-CASE-00067,POWER-B-ALT-00083,Policy Violation activity detected,CRITICAL,CLOSED,2026-08-18 13:27:54,2026-08-18 13:14:54,analyst03
POWER-B,POWER-B-CASE-00068,POWER-B-ALT-00105,Malware activity detected,HIGH,CLOSED,2026-09-19 10:38:03,2026-09-19 12:22:03,analyst05
POWER-B,POWER-B-CASE-00069,POWER-B-ALT-00108,Config Change activity detected,HIGH,CLOSED,2026-07-20 06:29:28,2026-07-20 08:27:28,analyst04
POWER-B,POWER-B-CASE-00070,POWER-B-ALT-00110,Config Change activity detected,HIGH,CLOSED,2026-07-03 17:33:03,2026-07-03 19:18:03,analyst08
POWER-B,POWER-B-CASE-00071,POWER-B-ALT-00113,Malware activity detected,HIGH,CLOSED,2026-07-16 01:01:24,2026-07-16 03:46:24,analyst06
POWER-B,POWER-B-CASE-00072,POWER-B-ALT-00119,Malware activity detected,CRITICAL,CLOSED,2026-08-23 21:10:26,2026-08-23 20:32:26,analyst05
POWER-B,POWER-B-CASE-00073,POWER-B-ALT-00131,Phishing activity detected,CRITICAL,CLOSED,2026-07-18 04:17:20,2026-07-18 04:22:20,analyst03
POWER-B,POWER-B-CASE-00074,POWER-B-ALT-00147,Malware activity detected,HIGH,CLOSED,2026-07-11 10:49:41,2026-07-11 11:57:41,analyst06
POWER-B,POWER-B-CASE-00075,POWER-B-ALT-00152,Policy Violation activity detected,HIGH,CLOSED,2026-09-04 16:08:50,2026-09-04 17:46:50,analyst03
POWER-B,POWER-B-CASE-00076,POWER-B-ALT-00159,Malware activity detected,HIGH,CLOSED,2026-08-05 12:44:57,2026-08-05 12:23:57,analyst08
POWER-B,POWER-B-CASE-00077,POWER-B-ALT-00174,Phishing activity detected,CRITICAL,CLOSED,2026-08-04 18:28:05,2026-08-04 18:06:05,analyst01
POWER-B,POWER-B-CASE-00078,POWER-B-ALT-00193,Unauthorized Access activity detected,HIGH,CLOSED,2026-08-28 04:48:52,2026-08-28 06:20:52,analyst04
POWER-B,POWER-B-CASE-00079,POWER-B-ALT-00194,Unauthorized Access activity detected,HIGH,CLOSED,2026-09-30 05:45:44,2026-09-30 08:16:44,analyst08
POWER-B,POWER-B-CASE-00080,POWER-B-ALT-00220,Phishing activity detected,CRITICAL,CLOSED,2026-09-18 02:11:11,2026-09-18 03:25:11,analyst06
POWER-B,POWER-B-CASE-00081,POWER-B-ALT-00222,Unauthorized Access activity detected,HIGH,CLOSED,2026-09-10 21:18:12,2026-09-10 23:17:12,analyst03
POWER-B,POWER-B-CASE-00082,POWER-B-ALT-00224,Policy Violation activity detected,HIGH,CLOSED,2026-08-20 16:57:02,2026-08-20 20:00:02,analyst01
POWER-B,POWER-B-CASE-00083,POWER-B-ALT-00225,Policy Violation activity detected,CRITICAL,CLOSED,2026-07-09 10:37:28,2026-07-09 10:18:28,analyst07
POWER-B,POWER-B-CASE-00084,POWER-B-ALT-00231,Policy Violation activity detected,HIGH,CLOSED,2026-08-31 04:16:32,2026-08-31 04:44:32,analyst08
POWER-B,POWER-B-CASE-00085,POWER-B-ALT-00233,Malware activity detected,HIGH,CLOSED,2026-09-30 09:21:20,2026-09-30 12:51:20,analyst08
POWER-B,POWER-B-CASE-00086,POWER-B-ALT-00236,Malware activity detected,HIGH,CLOSED,2026-07-12 17:35:44,2026-07-12 17:56:44,analyst01
POWER-B,POWER-B-CASE-00087,POWER-B-ALT-00241,Malware activity detected,CRITICAL,CLOSED,2026-08-13 20:10:02,2026-08-13 20:09:02,analyst02
POWER-B,POWER-B-CASE-00088,POWER-B-ALT-00244,Config Change activity detected,HIGH,CLOSED,2026-08-05 10:05:46,2026-08-05 10:34:46,analyst04
POWER-B,POWER-B-CASE-00089,POWER-B-ALT-00247,Policy Violation activity detected,HIGH,CLOSED,2026-08-25 21:21:21,2026-08-26 00:24:21,analyst03
POWER-B,POWER-B-CASE-00090,POWER-B-ALT-00250,Phishing activity detected,CRITICAL,CLOSED,2026-08-02 07:01:24,2026-08-02 06:25:24,analyst04
POWER-B,POWER-B-CASE-00091,POWER-B-ALT-00253,Policy Violation activity detected,HIGH,CLOSED,2026-07-12 06:04:25,2026-07-12 06:18:25,analyst05
POWER-B,POWER-B-CASE-00092,POWER-B-ALT-00265,Dos activity detected,HIGH,CLOSED,2026-07-21 03:35:41,2026-07-21 04:27:41,analyst08
POWER-B,POWER-B-CASE-00093,POWER-B-ALT-00273,Unauthorized Access activity detected,HIGH,CLOSED,2026-08-22 21:28:22,2026-08-22 22:19:22,analyst06
POWER-B,POWER-B-CASE-00094,POWER-B-ALT-00276,Data Exfiltration activity detected,HIGH,CLOSED,2026-07-30 23:01:47,2026-07-31 01:27:47,analyst05
POWER-B,POWER-B-CASE-00095,POWER-B-ALT-00280,Config Change activity detected,HIGH,CLOSED,2026-07-25 03:55:34,2026-07-25 04:43:34,analyst06
POWER-B,POWER-B-CASE-00096,POWER-B-ALT-00283,Config Change activity detected,HIGH,CLOSED,2026-08-02 19:24:52,2026-08-02 22:59:52,analyst03
POWER-B,POWER-B-CASE-00097,POWER-B-ALT-00294,Dos activity detected,HIGH,CLOSED,2026-08-07 15:52:17,2026-08-07 16:01:17,analyst05
POWER-B,POWER-B-CASE-00098,POWER-B-ALT-00297,Malware activity detected,HIGH,CLOSED,2026-07-30 02:55:35,2026-07-30 05:28:35,analyst04
POWER-B,POWER-B-CASE-00099,POWER-B-ALT-00299,Config Change activity detected,HIGH,CLOSED,2026-07-27 06:49:22,2026-07-27 09:46:22,analyst08
POWER-B,POWER-B-CASE-00100,POWER-B-ALT-00302,Phishing activity detected,HIGH,CLOSED,2026-09-15 01:09:04,2026-09-15 02:32:04,analyst07
POWER-B,POWER-B-CASE-00101,POWER-B-ALT-00307,Config Change activity detected,CRITICAL,CLOSED,2026-08-21 02:46:17,2026-08-21 02:19:17,analyst07
POWER-B,POWER-B-CASE-00102,POWER-B-ALT-00320,Config Change activity detected,HIGH,CLOSED,2026-08-31 15:53:57,2026-08-31 19:28:57,analyst06
POWER-B,POWER-B-CASE-00103,POWER-B-ALT-00322,Config Change activity detected,HIGH,CLOSED,2026-09-06 05:24:50,2026-09-06 07:50:50,analyst01
POWER-B,POWER-B-CASE-00104,POWER-B-ALT-00323,Phishing activity detected,HIGH,CLOSED,2026-09-04 05:39:28,2026-09-04 07:51:28,analyst08
POWER-B,POWER-B-CASE-00105,POWER-B-ALT-00324,Policy Violation activity detected,HIGH,CLOSED,2026-07-19 13:47:40,2026-07-19 15:43:40,analyst01
POWER-B,POWER-B-CASE-00106,POWER-B-ALT-00332,Unauthorized Access activity detected,HIGH,CLOSED,2026-07-25 21:50:26,2026-07-25 21:34:26,analyst04
POWER-B,POWER-B-CASE-00107,POWER-B-ALT-00336,Phishing activity detected,HIGH,CLOSED,2026-09-03 15:22:59,2026-09-03 16:50:59,analyst04
POWER-B,POWER-B-CASE-00108,POWER-B-ALT-00343,Config Change activity detected,HIGH,CLOSED,2026-07-21 13:43:19,2026-07-21 15:15:19,analyst05
POWER-B,POWER-B-CASE-00109,POWER-B-ALT-00347,Data Exfiltration activity detected,HIGH,CLOSED,2026-09-13 15:51:15,2026-09-13 18:23:15,analyst08
POWER-B,POWER-B-CASE-00110,POWER-B-ALT-00362,Dos activity detected,CRITICAL,CLOSED,2026-07-19 05:01:27,2026-07-19 04:40:27,analyst08
POWER-B,POWER-B-CASE-00111,POWER-B-ALT-00370,Phishing activity detected,HIGH,CLOSED,2026-07-02 07:49:52,2026-07-02 10:25:52,analyst02
POWER-B,POWER-B-CASE-00112,POWER-B-ALT-00375,Config Change activity detected,HIGH,CLOSED,2026-07-26 14:10:49,2026-07-26 16:59:49,analyst03
TELEC-C,TELEC-C-CASE-00113,TELEC-C-ALT-00030,Dos activity detected,HIGH,CLOSED,2026-09-14 16:09:28,2026-09-14 20:41:28,analyst03
TELEC-C,TELEC-C-CASE-00114,TELEC-C-ALT-00047,Policy Violation activity detected,HIGH,CLOSED,2026-08-08 11:03:32,2026-08-08 14:20:32,analyst03
TELEC-C,TELEC-C-CASE-00115,TELEC-C-ALT-00066,Phishing activity detected,HIGH,CLOSED,2026-07-05 12:07:38,2026-07-05 12:58:38,analyst07
TELEC-C,TELEC-C-CASE-00116,TELEC-C-ALT-00076,Phishing activity detected,HIGH,CLOSED,2026-09-01 21:19:35,2026-09-01 23:30:35,analyst03
TELEC-C,TELEC-C-CASE-00117,TELEC-C-ALT-00091,Policy Violation activity detected,HIGH,CLOSED,2026-08-25 07:25:01,2026-08-25 11:19:01,analyst07
TELEC-C,TELEC-C-CASE-00118,TELEC-C-ALT-00103,Policy Violation activity detected,HIGH,CLOSED,2026-09-28 03:47:23,2026-09-28 07:46:23,analyst06
TELEC-C,TELEC-C-CASE-00119,TELEC-C-ALT-00113,Unauthorized Access activity detected,HIGH,CLOSED,2026-07-08 12:07:52,2026-07-08 16:13:52,analyst06
TELEC-C,TELEC-C-CASE-00120,TELEC-C-ALT-00138,Policy Violation activity detected,HIGH,CLOSED,2026-07-23 09:39:58,2026-07-23 11:30:58,analyst01
TELEC-C,TELEC-C-CASE-00121,TELEC-C-ALT-00140,Phishing activity detected,HIGH,CLOSED,2026-08-23 12:12:39,2026-08-23 14:28:39,analyst01
TELEC-C,TELEC-C-CASE-00122,TELEC-C-ALT-00168,Policy Violation activity detected,CRITICAL,CLOSED,2026-09-02 17:03:56,2026-09-02 18:59:56,analyst01
TELEC-C,TELEC-C-CASE-00123,TELEC-C-ALT-00169,Data Exfiltration activity detected,HIGH,CLOSED,2026-07-16 01:23:19,2026-07-16 05:56:19,analyst04
TELEC-C,TELEC-C-CASE-00124,TELEC-C-ALT-00176,Phishing activity detected,HIGH,CLOSED,2026-07-30 17:58:10,2026-07-30 21:29:10,analyst08
TELEC-C,TELEC-C-CASE-00125,TELEC-C-ALT-00181,Data Exfiltration activity detected,HIGH,CLOSED,2026-08-13 03:56:40,2026-08-13 05:02:40,analyst01
